kotlin version: 2.3.20
error message: Incremental compilation failed: Storage for [/Users/popkter/Documents/Code/scripts-plugin/build/kotlin/compileTestKotlin/cacheable/caches-jvm/lookups/lookups.tab] is already registered
java.lang.IllegalStateException: Storage for [/Users/popkter/Documents/Code/scripts-plugin/build/kotlin/compileTestKotlin/cacheable/caches-jvm/lookups/lookups.tab] is already registered
	at org.jetbrains.kotlin.com.intellij.util.io.FilePageCache.registerPagedFileStorage(FilePageCache.java:410)
	at org.jetbrains.kotlin.com.intellij.util.io.PagedFileStorage.<init>(PagedFileStorage.java:74)
	at org.jetbrains.kotlin.com.intellij.util.io.ResizeableMappedFile.<init>(ResizeableMappedFile.java:71)
	at org.jetbrains.kotlin.com.intellij.util.io.PersistentBTreeEnumerator.<init>(PersistentBTreeEnumerator.java:130)
	at org.jetbrains.kotlin.com.intellij.util.io.PersistentEnumerator.createDefaultEnumerator(PersistentEnumerator.java:53)
	at org.jetbrains.kotlin.com.intellij.util.io.PersistentMapImpl.<init>(PersistentMapImpl.java:166)
	at org.jetbrains.kotlin.com.intellij.util.io.PersistentMapImpl.<init>(PersistentMapImpl.java:141)
	at org.jetbrains.kotlin.com.intellij.util.io.PersistentMapBuilder.buildImplementation(PersistentMapBuilder.java:91)
	at org.jetbrains.kotlin.com.intellij.util.io.PersistentMapBuilder.build(PersistentMapBuilder.java:74)
	at org.jetbrains.kotlin.com.intellij.util.io.PersistentHashMap.<init>(PersistentHashMap.java:44)
	at org.jetbrains.kotlin.com.intellij.util.io.PersistentHashMap.<init>(PersistentHashMap.java:70)
	at org.jetbrains.kotlin.incremental.storage.LazyStorage.createMap(LazyStorage.kt:62)
	at org.jetbrains.kotlin.incremental.storage.LazyStorage.getStorageIfExists(LazyStorage.kt:53)
	at org.jetbrains.kotlin.incremental.storage.LazyStorage.getKeys(LazyStorage.kt:67)
	at org.jetbrains.kotlin.incremental.storage.InMemoryStorage.getKeys(InMemoryStorage.kt:50)
	at org.jetbrains.kotlin.incremental.storage.AppendableSetBasicMap.getKeys(BasicMap.kt:126)
	at org.jetbrains.kotlin.incremental.TrackedLookupMap.getKeys(LookupStorage.kt:306)
	at org.jetbrains.kotlin.incremental.LookupStorage.getLookupSymbols(LookupStorage.kt:89)
	at org.jetbrains.kotlin.incremental.classpathDiff.ClasspathSnapshotShrinker.shrinkClasspath$lambda$0(ClasspathSnapshotShrinker.kt:37)
	at org.jetbrains.kotlin.incremental.classpathDiff.ClasspathSnapshotShrinker$MetricsReporter.getLookupSymbols(ClasspathSnapshotShrinker.kt:324)
	at org.jetbrains.kotlin.incremental.classpathDiff.ClasspathSnapshotShrinker.shrinkClasspath(ClasspathSnapshotShrinker.kt:36)
	at org.jetbrains.kotlin.incremental.snapshots.LazyClasspathSnapshot.getComputedShrunkClasspathAgainstPreviousLookups(LazyClasspathSnapshot.kt:69)
	at org.jetbrains.kotlin.incremental.classpathDiff.ClasspathChangesComputer.computeClasspathChanges(ClasspathChangesComputer.kt:40)
	at org.jetbrains.kotlin.incremental.dirtyFiles.ClasspathSnapshotBasedImpactDeterminer.determineChangedAndImpactedSymbols(ClasspathSnapshotBasedImpactDeterminer.kt:40)
	at org.jetbrains.kotlin.incremental.dirtyFiles.JvmSourcesToCompileCalculator.calculateSourcesToCompileImpl(JvmSourcesToCompileCalculator.kt:40)
	at org.jetbrains.kotlin.incremental.dirtyFiles.JvmSourcesToCompileCalculator.calculateWithClasspathSnapshot(JvmSourcesToCompileCalculator.kt:96)
	at org.jetbrains.kotlin.incremental.IncrementalJvmCompilerRunner.calculateSourcesToCompile(IncrementalJvmCompilerRunner.kt:68)
	at org.jetbrains.kotlin.incremental.IncrementalJvmCompilerRunner.calculateSourcesToCompile(IncrementalJvmCompilerRunner.kt:26)
	at org.jetbrains.kotlin.incremental.IncrementalCompilerRunner.tryCompileIncrementally$lambda$0$compile(IncrementalCompilerRunner.kt:228)
	at org.jetbrains.kotlin.incremental.IncrementalCompilerRunner.tryCompileIncrementally(IncrementalCompilerRunner.kt:270)
	at org.jetbrains.kotlin.incremental.IncrementalCompilerRunner.compile(IncrementalCompilerRunner.kt:122)
	at org.jetbrains.kotlin.daemon.CompileServiceImplBase.execIncrementalCompiler(CompileServiceImpl.kt:764)
	at org.jetbrains.kotlin.daemon.CompileServiceImplBase.access$execIncrementalCompiler(CompileServiceImpl.kt:107)
	at org.jetbrains.kotlin.daemon.CompileServiceImpl.compile(CompileServiceImpl.kt:2026)
	at java.base/jdk.internal.reflect.DirectMethodHandleAccessor.invoke(Unknown Source)
	at java.base/java.lang.reflect.Method.invoke(Unknown Source)
	at java.rmi/sun.rmi.server.UnicastServerRef.dispatch(Unknown Source)
	at java.rmi/sun.rmi.transport.Transport$1.run(Unknown Source)
	at java.rmi/sun.rmi.transport.Transport$1.run(Unknown Source)
	at java.base/java.security.AccessController.doPrivileged(Unknown Source)
	at java.rmi/sun.rmi.transport.Transport.serviceCall(Unknown Source)
	at java.rmi/sun.rmi.transport.tcp.TCPTransport.handleMessages(Unknown Source)
	at java.rmi/sun.rmi.transport.tcp.TCPTransport$ConnectionHandler.run0(Unknown Source)
	at java.rmi/sun.rmi.transport.tcp.TCPTransport$ConnectionHandler.lambda$run$0(Unknown Source)
	at java.base/java.security.AccessController.doPrivileged(Unknown Source)
	at java.rmi/sun.rmi.transport.tcp.TCPTransport$ConnectionHandler.run(Unknown Source)
	at java.base/java.util.concurrent.ThreadPoolExecutor.runWorker(Unknown Source)
	at java.base/java.util.concurrent.ThreadPoolExecutor$Worker.run(Unknown Source)
	at java.base/java.lang.Thread.run(Unknown Source)
	Suppressed: java.lang.Exception: Storage[/Users/popkter/Documents/Code/scripts-plugin/build/kotlin/compileTestKotlin/cacheable/caches-jvm/lookups/lookups.tab] registration stack trace
		at org.jetbrains.kotlin.com.intellij.util.io.FilePageCache.registerPagedFileStorage(FilePageCache.java:437)
		... 48 more


error message: Daemon compilation failed

error message: Incremental compilation failed: null
java.lang.StackOverflowError
	at org.jetbrains.kotlin.com.intellij.util.io.PagedFileStorage.doGetBufferWrapper(PagedFileStorage.java:445)
	at org.jetbrains.kotlin.com.intellij.util.io.PagedFileStorage.getBufferWrapper(PagedFileStorage.java:432)
	at org.jetbrains.kotlin.com.intellij.util.io.PagedFileStorage.getByteBuffer(PagedFileStorage.java:193)
	at org.jetbrains.kotlin.com.intellij.util.io.IntToIntBtree$BtreeIndexNodeView.lockBuffer(IntToIntBtree.java:476)
	at org.jetbrains.kotlin.com.intellij.util.io.IntToIntBtree$BtreeIndexNodeView.syncWithStore(IntToIntBtree.java:462)
	at org.jetbrains.kotlin.com.intellij.util.io.IntToIntBtree$BtreeIndexNodeView.setAddress(IntToIntBtree.java:458)
	at org.jetbrains.kotlin.com.intellij.util.io.IntToIntBtree$BtreeIndexNodeView.setAddress(IntToIntBtree.java:445)
	at org.jetbrains.kotlin.com.intellij.util.io.IntToIntBtree.processLeafPages(IntToIntBtree.java:1083)
	at org.jetbrains.kotlin.com.intellij.util.io.IntToIntBtree.processLeafPages(IntToIntBtree.java:1084)
	at org.jetbrains.kotlin.com.intellij.util.io.IntToIntBtree.processLeafPages(IntToIntBtree.java:1084)
	at org.jetbrains.kotlin.com.intellij.util.io.IntToIntBtree.processLeafPages(IntToIntBtree.java:1084)
	at org.jetbrains.kotlin.com.intellij.util.io.IntToIntBtree.processLeafPages(IntToIntBtree.java:1084)
	at org.jetbrains.kotlin.com.intellij.util.io.IntToIntBtree.processLeafPages(IntToIntBtree.java:1084)
	at org.jetbrains.kotlin.com.intellij.util.io.IntToIntBtree.processLeafPages(IntToIntBtree.java:1084)
	at org.jetbrains.kotlin.com.intellij.util.io.IntToIntBtree.processLeafPages(IntToIntBtree.java:1084)
	at org.jetbrains.kotlin.com.intellij.util.io.IntToIntBtree.processLeafPages(IntToIntBtree.java:1084)
	at org.jetbrains.kotlin.com.intellij.util.io.IntToIntBtree.processLeafPages(IntToIntBtree.java:1084)
	at org.jetbrains.kotlin.com.intellij.util.io.IntToIntBtree.processLeafPages(IntToIntBtree.java:1084)
	at org.jetbrains.kotlin.com.intellij.util.io.IntToIntBtree.processLeafPages(IntToIntBtree.java:1084)
	at org.jetbrains.kotlin.com.intellij.util.io.IntToIntBtree.processLeafPages(IntToIntBtree.java:1084)
	at org.jetbrains.kotlin.com.intellij.util.io.IntToIntBtree.processLeafPages(IntToIntBtree.java:1084)
	at org.jetbrains.kotlin.com.intellij.util.io.IntToIntBtree.processLeafPages(IntToIntBtree.java:1084)
	at org.jetbrains.kotlin.com.intellij.util.io.IntToIntBtree.processLeafPages(IntToIntBtree.java:1084)
	at org.jetbrains.kotlin.com.intellij.util.io.IntToIntBtree.processLeafPages(IntToIntBtree.java:1084)
	at org.jetbrains.kotlin.com.intellij.util.io.IntToIntBtree.processLeafPages(IntToIntBtree.java:1084)
	at org.jetbrains.kotlin.com.intellij.util.io.IntToIntBtree.processLeafPages(IntToIntBtree.java:1084)
	at org.jetbrains.kotlin.com.intellij.util.io.IntToIntBtree.processLeafPages(IntToIntBtree.java:1084)
	at org.jetbrains.kotlin.com.intellij.util.io.IntToIntBtree.processLeafPages(IntToIntBtree.java:1084)
	at org.jetbrains.kotlin.com.intellij.util.io.IntToIntBtree.processLeafPages(IntToIntBtree.java:1084)
	at org.jetbrains.kotlin.com.intellij.util.io.IntToIntBtree.processLeafPages(IntToIntBtree.java:1084)
	at org.jetbrains.kotlin.com.intellij.util.io.IntToIntBtree.processLeafPages(IntToIntBtree.java:1084)
	at org.jetbrains.kotlin.com.intellij.util.io.IntToIntBtree.processLeafPages(IntToIntBtree.java:1084)
	at org.jetbrains.kotlin.com.intellij.util.io.IntToIntBtree.processLeafPages(IntToIntBtree.java:1084)
	at org.jetbrains.kotlin.com.intellij.util.io.IntToIntBtree.processLeafPages(IntToIntBtree.java:1084)
	at org.jetbrains.kotlin.com.intellij.util.io.IntToIntBtree.processLeafPages(IntToIntBtree.java:1084)
	at org.jetbrains.kotlin.com.intellij.util.io.IntToIntBtree.processLeafPages(IntToIntBtree.java:1084)
	at org.jetbrains.kotlin.com.intellij.util.io.IntToIntBtree.processLeafPages(IntToIntBtree.java:1084)
	at org.jetbrains.kotlin.com.intellij.util.io.IntToIntBtree.processLeafPages(IntToIntBtree.java:1084)
	at org.jetbrains.kotlin.com.intellij.util.io.IntToIntBtree.processLeafPages(IntToIntBtree.java:1084)
	at org.jetbrains.kotlin.com.intellij.util.io.IntToIntBtree.processLeafPages(IntToIntBtree.java:1084)
	at org.jetbrains.kotlin.com.intellij.util.io.IntToIntBtree.processLeafPages(IntToIntBtree.java:1084)
	at org.jetbrains.kotlin.com.intellij.util.io.IntToIntBtree.processLeafPages(IntToIntBtree.java:1084)
	at org.jetbrains.kotlin.com.intellij.util.io.IntToIntBtree.processLeafPages(IntToIntBtree.java:1084)
	at org.jetbrains.kotlin.com.intellij.util.io.IntToIntBtree.processLeafPages(IntToIntBtree.java:1084)
	at org.jetbrains.kotlin.com.intellij.util.io.IntToIntBtree.processLeafPages(IntToIntBtree.java:1084)
	at org.jetbrains.kotlin.com.intellij.util.io.IntToIntBtree.processLeafPages(IntToIntBtree.java:1084)
	at org.jetbrains.kotlin.com.intellij.util.io.IntToIntBtree.processLeafPages(IntToIntBtree.java:1084)
	at org.jetbrains.kotlin.com.intellij.util.io.IntToIntBtree.processLeafPages(IntToIntBtree.java:1084)
	at org.jetbrains.kotlin.com.intellij.util.io.IntToIntBtree.processLeafPages(IntToIntBtree.java:1084)
	at org.jetbrains.kotlin.com.intellij.util.io.IntToIntBtree.processLeafPages(IntToIntBtree.java:1084)
	at org.jetbrains.kotlin.com.intellij.util.io.IntToIntBtree.processLeafPages(IntToIntBtree.java:1084)
	at org.jetbrains.kotlin.com.intellij.util.io.IntToIntBtree.processLeafPages(IntToIntBtree.java:1084)
	at org.jetbrains.kotlin.com.intellij.util.io.IntToIntBtree.processLeafPages(IntToIntBtree.java:1084)
	at org.jetbrains.kotlin.com.intellij.util.io.IntToIntBtree.processLeafPages(IntToIntBtree.java:1084)
	at org.jetbrains.kotlin.com.intellij.util.io.IntToIntBtree.processLeafPages(IntToIntBtree.java:1084)
	at org.jetbrains.kotlin.com.intellij.util.io.IntToIntBtree.processLeafPages(IntToIntBtree.java:1084)
	at org.jetbrains.kotlin.com.intellij.util.io.IntToIntBtree.processLeafPages(IntToIntBtree.java:1084)
	at org.jetbrains.kotlin.com.intellij.util.io.IntToIntBtree.processLeafPages(IntToIntBtree.java:1084)
	at org.jetbrains.kotlin.com.intellij.util.io.IntToIntBtree.processLeafPages(IntToIntBtree.java:1084)
	at org.jetbrains.kotlin.com.intellij.util.io.IntToIntBtree.processLeafPages(IntToIntBtree.java:1084)
	at org.jetbrains.kotlin.com.intellij.util.io.IntToIntBtree.processLeafPages(IntToIntBtree.java:1084)
	at org.jetbrains.kotlin.com.intellij.util.io.IntToIntBtree.processLeafPages(IntToIntBtree.java:1084)
	at org.jetbrains.kotlin.com.intellij.util.io.IntToIntBtree.processLeafPages(IntToIntBtree.java:1084)
	at org.jetbrains.kotlin.com.intellij.util.io.IntToIntBtree.processLeafPages(IntToIntBtree.java:1084)
	at org.jetbrains.kotlin.com.intellij.util.io.IntToIntBtree.processLeafPages(IntToIntBtree.java:1084)
	at org.jetbrains.kotlin.com.intellij.util.io.IntToIntBtree.processLeafPages(IntToIntBtree.java:1084)
	at org.jetbrains.kotlin.com.intellij.util.io.IntToIntBtree.processLeafPages(IntToIntBtree.java:1084)
	at org.jetbrains.kotlin.com.intellij.util.io.IntToIntBtree.processLeafPages(IntToIntBtree.java:1084)
	at org.jetbrains.kotlin.com.intellij.util.io.IntToIntBtree.processLeafPages(IntToIntBtree.java:1084)
	at org.jetbrains.kotlin.com.intellij.util.io.IntToIntBtree.processLeafPages(IntToIntBtree.java:1084)
	at org.jetbrains.kotlin.com.intellij.util.io.IntToIntBtree.processLeafPages(IntToIntBtree.java:1084)
	at org.jetbrains.kotlin.com.intellij.util.io.IntToIntBtree.processLeafPages(IntToIntBtree.java:1084)
	at org.jetbrains.kotlin.com.intellij.util.io.IntToIntBtree.processLeafPages(IntToIntBtree.java:1084)
	at org.jetbrains.kotlin.com.intellij.util.io.IntToIntBtree.processLeafPages(IntToIntBtree.java:1084)
	at org.jetbrains.kotlin.com.intellij.util.io.IntToIntBtree.processLeafPages(IntToIntBtree.java:1084)
	at org.jetbrains.kotlin.com.intellij.util.io.IntToIntBtree.processLeafPages(IntToIntBtree.java:1084)
	at org.jetbrains.kotlin.com.intellij.util.io.IntToIntBtree.processLeafPages(IntToIntBtree.java:1084)
	at org.jetbrains.kotlin.com.intellij.util.io.IntToIntBtree.processLeafPages(IntToIntBtree.java:1084)
	at org.jetbrains.kotlin.com.intellij.util.io.IntToIntBtree.processLeafPages(IntToIntBtree.java:1084)
	at org.jetbrains.kotlin.com.intellij.util.io.IntToIntBtree.processLeafPages(IntToIntBtree.java:1084)
	at org.jetbrains.kotlin.com.intellij.util.io.IntToIntBtree.processLeafPages(IntToIntBtree.java:1084)
	at org.jetbrains.kotlin.com.intellij.util.io.IntToIntBtree.processLeafPages(IntToIntBtree.java:1084)
	at org.jetbrains.kotlin.com.intellij.util.io.IntToIntBtree.processLeafPages(IntToIntBtree.java:1084)
	at org.jetbrains.kotlin.com.intellij.util.io.IntToIntBtree.processLeafPages(IntToIntBtree.java:1084)
	at org.jetbrains.kotlin.com.intellij.util.io.IntToIntBtree.processLeafPages(IntToIntBtree.java:1084)
	at org.jetbrains.kotlin.com.intellij.util.io.IntToIntBtree.processLeafPages(IntToIntBtree.java:1084)
	at org.jetbrains.kotlin.com.intellij.util.io.IntToIntBtree.processLeafPages(IntToIntBtree.java:1084)
	at org.jetbrains.kotlin.com.intellij.util.io.IntToIntBtree.processLeafPages(IntToIntBtree.java:1084)
	at org.jetbrains.kotlin.com.intellij.util.io.IntToIntBtree.processLeafPages(IntToIntBtree.java:1084)
	at org.jetbrains.kotlin.com.intellij.util.io.IntToIntBtree.processLeafPages(IntToIntBtree.java:1084)
	at org.jetbrains.kotlin.com.intellij.util.io.IntToIntBtree.processLeafPages(IntToIntBtree.java:1084)
	at org.jetbrains.kotlin.com.intellij.util.io.IntToIntBtree.processLeafPages(IntToIntBtree.java:1084)
	at org.jetbrains.kotlin.com.intellij.util.io.IntToIntBtree.processLeafPages(IntToIntBtree.java:1084)
	at org.jetbrains.kotlin.com.intellij.util.io.IntToIntBtree.processLeafPages(IntToIntBtree.java:1084)
	at org.jetbrains.kotlin.com.intellij.util.io.IntToIntBtree.processLeafPages(IntToIntBtree.java:1084)
	at org.jetbrains.kotlin.com.intellij.util.io.IntToIntBtree.processLeafPages(IntToIntBtree.java:1084)
	at org.jetbrains.kotlin.com.intellij.util.io.IntToIntBtree.processLeafPages(IntToIntBtree.java:1084)
	at org.jetbrains.kotlin.com.intellij.util.io.IntToIntBtree.processLeafPages(IntToIntBtree.java:1084)
	at org.jetbrains.kotlin.com.intellij.util.io.IntToIntBtree.processLeafPages(IntToIntBtree.java:1084)
	at org.jetbrains.kotlin.com.intellij.util.io.IntToIntBtree.processLeafPages(IntToIntBtree.java:1084)
	at org.jetbrains.kotlin.com.intellij.util.io.IntToIntBtree.processLeafPages(IntToIntBtree.java:1084)
	at org.jetbrains.kotlin.com.intellij.util.io.IntToIntBtree.processLeafPages(IntToIntBtree.java:1084)
	at org.jetbrains.kotlin.com.intellij.util.io.IntToIntBtree.processLeafPages(IntToIntBtree.java:1084)
	at org.jetbrains.kotlin.com.intellij.util.io.IntToIntBtree.processLeafPages(IntToIntBtree.java:1084)
	at org.jetbrains.kotlin.com.intellij.util.io.IntToIntBtree.processLeafPages(IntToIntBtree.java:1084)
	at org.jetbrains.kotlin.com.intellij.util.io.IntToIntBtree.processLeafPages(IntToIntBtree.java:1084)
	at org.jetbrains.kotlin.com.intellij.util.io.IntToIntBtree.processLeafPages(IntToIntBtree.java:1084)
	at org.jetbrains.kotlin.com.intellij.util.io.IntToIntBtree.processLeafPages(IntToIntBtree.java:1084)
	at org.jetbrains.kotlin.com.intellij.util.io.IntToIntBtree.processLeafPages(IntToIntBtree.java:1084)
	at org.jetbrains.kotlin.com.intellij.util.io.IntToIntBtree.processLeafPages(IntToIntBtree.java:1084)
	at org.jetbrains.kotlin.com.intellij.util.io.IntToIntBtree.processLeafPages(IntToIntBtree.java:1084)
	at org.jetbrains.kotlin.com.intellij.util.io.IntToIntBtree.processLeafPages(IntToIntBtree.java:1084)
	at org.jetbrains.kotlin.com.intellij.util.io.IntToIntBtree.processLeafPages(IntToIntBtree.java:1084)
	at org.jetbrains.kotlin.com.intellij.util.io.IntToIntBtree.processLeafPages(IntToIntBtree.java:1084)
	at org.jetbrains.kotlin.com.intellij.util.io.IntToIntBtree.processLeafPages(IntToIntBtree.java:1084)
	at org.jetbrains.kotlin.com.intellij.util.io.IntToIntBtree.processLeafPages(IntToIntBtree.java:1084)
	at org.jetbrains.kotlin.com.intellij.util.io.IntToIntBtree.processLeafPages(IntToIntBtree.java:1084)
	at org.jetbrains.kotlin.com.intellij.util.io.IntToIntBtree.processLeafPages(IntToIntBtree.java:1084)
	at org.jetbrains.kotlin.com.intellij.util.io.IntToIntBtree.processLeafPages(IntToIntBtree.java:1084)
	at org.jetbrains.kotlin.com.intellij.util.io.IntToIntBtree.processLeafPages(IntToIntBtree.java:1084)
	at org.jetbrains.kotlin.com.intellij.util.io.IntToIntBtree.processLeafPages(IntToIntBtree.java:1084)
	at org.jetbrains.kotlin.com.intellij.util.io.IntToIntBtree.processLeafPages(IntToIntBtree.java:1084)
	at org.jetbrains.kotlin.com.intellij.util.io.IntToIntBtree.processLeafPages(IntToIntBtree.java:1084)
	at org.jetbrains.kotlin.com.intellij.util.io.IntToIntBtree.processLeafPages(IntToIntBtree.java:1084)
	at org.jetbrains.kotlin.com.intellij.util.io.IntToIntBtree.processLeafPages(IntToIntBtree.java:1084)
	at org.jetbrains.kotlin.com.intellij.util.io.IntToIntBtree.processLeafPages(IntToIntBtree.java:1084)
	at org.jetbrains.kotlin.com.intellij.util.io.IntToIntBtree.processLeafPages(IntToIntBtree.java:1084)
	at org.jetbrains.kotlin.com.intellij.util.io.IntToIntBtree.processLeafPages(IntToIntBtree.java:1084)
	at org.jetbrains.kotlin.com.intellij.util.io.IntToIntBtree.processLeafPages(IntToIntBtree.java:1084)
	at org.jetbrains.kotlin.com.intellij.util.io.IntToIntBtree.processLeafPages(IntToIntBtree.java:1084)
	at org.jetbrains.kotlin.com.intellij.util.io.IntToIntBtree.processLeafPages(IntToIntBtree.java:1084)
	at org.jetbrains.kotlin.com.intellij.util.io.IntToIntBtree.processLeafPages(IntToIntBtree.java:1084)
	at org.jetbrains.kotlin.com.intellij.util.io.IntToIntBtree.processLeafPages(IntToIntBtree.java:1084)
	at org.jetbrains.kotlin.com.intellij.util.io.IntToIntBtree.processLeafPages(IntToIntBtree.java:1084)
	at org.jetbrains.kotlin.com.intellij.util.io.IntToIntBtree.processLeafPages(IntToIntBtree.java:1084)
	at org.jetbrains.kotlin.com.intellij.util.io.IntToIntBtree.processLeafPages(IntToIntBtree.java:1084)
	at org.jetbrains.kotlin.com.intellij.util.io.IntToIntBtree.processLeafPages(IntToIntBtree.java:1084)
	at org.jetbrains.kotlin.com.intellij.util.io.IntToIntBtree.processLeafPages(IntToIntBtree.java:1084)
	at org.jetbrains.kotlin.com.intellij.util.io.IntToIntBtree.processLeafPages(IntToIntBtree.java:1084)
	at org.jetbrains.kotlin.com.intellij.util.io.IntToIntBtree.processLeafPages(IntToIntBtree.java:1084)
	at org.jetbrains.kotlin.com.intellij.util.io.IntToIntBtree.processLeafPages(IntToIntBtree.java:1084)
	at org.jetbrains.kotlin.com.intellij.util.io.IntToIntBtree.processLeafPages(IntToIntBtree.java:1084)
	at org.jetbrains.kotlin.com.intellij.util.io.IntToIntBtree.processLeafPages(IntToIntBtree.java:1084)
	at org.jetbrains.kotlin.com.intellij.util.io.IntToIntBtree.processLeafPages(IntToIntBtree.java:1084)
	at org.jetbrains.kotlin.com.intellij.util.io.IntToIntBtree.processLeafPages(IntToIntBtree.java:1084)
	at org.jetbrains.kotlin.com.intellij.util.io.IntToIntBtree.processLeafPages(IntToIntBtree.java:1084)
	at org.jetbrains.kotlin.com.intellij.util.io.IntToIntBtree.processLeafPages(IntToIntBtree.java:1084)
	at org.jetbrains.kotlin.com.intellij.util.io.IntToIntBtree.processLeafPages(IntToIntBtree.java:1084)
	at org.jetbrains.kotlin.com.intellij.util.io.IntToIntBtree.processLeafPages(IntToIntBtree.java:1084)
	at org.jetbrains.kotlin.com.intellij.util.io.IntToIntBtree.processLeafPages(IntToIntBtree.java:1084)
	at org.jetbrains.kotlin.com.intellij.util.io.IntToIntBtree.processLeafPages(IntToIntBtree.java:1084)
	at org.jetbrains.kotlin.com.intellij.util.io.IntToIntBtree.processLeafPages(IntToIntBtree.java:1084)
	at org.jetbrains.kotlin.com.intellij.util.io.IntToIntBtree.processLeafPages(IntToIntBtree.java:1084)
	at org.jetbrains.kotlin.com.intellij.util.io.IntToIntBtree.processLeafPages(IntToIntBtree.java:1084)
	at org.jetbrains.kotlin.com.intellij.util.io.IntToIntBtree.processLeafPages(IntToIntBtree.java:1084)
	at org.jetbrains.kotlin.com.intellij.util.io.IntToIntBtree.processLeafPages(IntToIntBtree.java:1084)
	at org.jetbrains.kotlin.com.intellij.util.io.IntToIntBtree.processLeafPages(IntToIntBtree.java:1084)
	at org.jetbrains.kotlin.com.intellij.util.io.IntToIntBtree.processLeafPages(IntToIntBtree.java:1084)
	at org.jetbrains.kotlin.com.intellij.util.io.IntToIntBtree.processLeafPages(IntToIntBtree.java:1084)
	at org.jetbrains.kotlin.com.intellij.util.io.IntToIntBtree.processLeafPages(IntToIntBtree.java:1084)
	at org.jetbrains.kotlin.com.intellij.util.io.IntToIntBtree.processLeafPages(IntToIntBtree.java:1084)
	at org.jetbrains.kotlin.com.intellij.util.io.IntToIntBtree.processLeafPages(IntToIntBtree.java:1084)
	at org.jetbrains.kotlin.com.intellij.util.io.IntToIntBtree.processLeafPages(IntToIntBtree.java:1084)
	at org.jetbrains.kotlin.com.intellij.util.io.IntToIntBtree.processLeafPages(IntToIntBtree.java:1084)
	at org.jetbrains.kotlin.com.intellij.util.io.IntToIntBtree.processLeafPages(IntToIntBtree.java:1084)
	at org.jetbrains.kotlin.com.intellij.util.io.IntToIntBtree.processLeafPages(IntToIntBtree.java:1084)
	at org.jetbrains.kotlin.com.intellij.util.io.IntToIntBtree.processLeafPages(IntToIntBtree.java:1084)
	at org.jetbrains.kotlin.com.intellij.util.io.IntToIntBtree.processLeafPages(IntToIntBtree.java:1084)
	at org.jetbrains.kotlin.com.intellij.util.io.IntToIntBtree.processLeafPages(IntToIntBtree.java:1084)
	at org.jetbrains.kotlin.com.intellij.util.io.IntToIntBtree.processLeafPages(IntToIntBtree.java:1084)
	at org.jetbrains.kotlin.com.intellij.util.io.IntToIntBtree.processLeafPages(IntToIntBtree.java:1084)
	at org.jetbrains.kotlin.com.intellij.util.io.IntToIntBtree.processLeafPages(IntToIntBtree.java:1084)
	at org.jetbrains.kotlin.com.intellij.util.io.IntToIntBtree.processLeafPages(IntToIntBtree.java:1084)
	at org.jetbrains.kotlin.com.intellij.util.io.IntToIntBtree.processLeafPages(IntToIntBtree.java:1084)
	at org.jetbrains.kotlin.com.intellij.util.io.IntToIntBtree.processLeafPages(IntToIntBtree.java:1084)
	at org.jetbrains.kotlin.com.intellij.util.io.IntToIntBtree.processLeafPages(IntToIntBtree.java:1084)
	at org.jetbrains.kotlin.com.intellij.util.io.IntToIntBtree.processLeafPages(IntToIntBtree.java:1084)
	at org.jetbrains.kotlin.com.intellij.util.io.IntToIntBtree.processLeafPages(IntToIntBtree.java:1084)
	at org.jetbrains.kotlin.com.intellij.util.io.IntToIntBtree.processLeafPages(IntToIntBtree.java:1084)
	at org.jetbrains.kotlin.com.intellij.util.io.IntToIntBtree.processLeafPages(IntToIntBtree.java:1084)
	at org.jetbrains.kotlin.com.intellij.util.io.IntToIntBtree.processLeafPages(IntToIntBtree.java:1084)
	at org.jetbrains.kotlin.com.intellij.util.io.IntToIntBtree.processLeafPages(IntToIntBtree.java:1084)
	at org.jetbrains.kotlin.com.intellij.util.io.IntToIntBtree.processLeafPages(IntToIntBtree.java:1084)
	at org.jetbrains.kotlin.com.intellij.util.io.IntToIntBtree.processLeafPages(IntToIntBtree.java:1084)
	at org.jetbrains.kotlin.com.intellij.util.io.IntToIntBtree.processLeafPages(IntToIntBtree.java:1084)
	at org.jetbrains.kotlin.com.intellij.util.io.IntToIntBtree.processLeafPages(IntToIntBtree.java:1084)
	at org.jetbrains.kotlin.com.intellij.util.io.IntToIntBtree.processLeafPages(IntToIntBtree.java:1084)
	at org.jetbrains.kotlin.com.intellij.util.io.IntToIntBtree.processLeafPages(IntToIntBtree.java:1084)
	at org.jetbrains.kotlin.com.intellij.util.io.IntToIntBtree.processLeafPages(IntToIntBtree.java:1084)
	at org.jetbrains.kotlin.com.intellij.util.io.IntToIntBtree.processLeafPages(IntToIntBtree.java:1084)
	at org.jetbrains.kotlin.com.intellij.util.io.IntToIntBtree.processLeafPages(IntToIntBtree.java:1084)
	at org.jetbrains.kotlin.com.intellij.util.io.IntToIntBtree.processLeafPages(IntToIntBtree.java:1084)
	at org.jetbrains.kotlin.com.intellij.util.io.IntToIntBtree.processLeafPages(IntToIntBtree.java:1084)
	at org.jetbrains.kotlin.com.intellij.util.io.IntToIntBtree.processLeafPages(IntToIntBtree.java:1084)
	at org.jetbrains.kotlin.com.intellij.util.io.IntToIntBtree.processLeafPages(IntToIntBtree.java:1084)
	at org.jetbrains.kotlin.com.intellij.util.io.IntToIntBtree.processLeafPages(IntToIntBtree.java:1084)
	at org.jetbrains.kotlin.com.intellij.util.io.IntToIntBtree.processLeafPages(IntToIntBtree.java:1084)
	at org.jetbrains.kotlin.com.intellij.util.io.IntToIntBtree.processLeafPages(IntToIntBtree.java:1084)
	at org.jetbrains.kotlin.com.intellij.util.io.IntToIntBtree.processLeafPages(IntToIntBtree.java:1084)
	at org.jetbrains.kotlin.com.intellij.util.io.IntToIntBtree.processLeafPages(IntToIntBtree.java:1084)
	at org.jetbrains.kotlin.com.intellij.util.io.IntToIntBtree.processLeafPages(IntToIntBtree.java:1084)
	at org.jetbrains.kotlin.com.intellij.util.io.IntToIntBtree.processLeafPages(IntToIntBtree.java:1084)
	at org.jetbrains.kotlin.com.intellij.util.io.IntToIntBtree.processLeafPages(IntToIntBtree.java:1084)
	at org.jetbrains.kotlin.com.intellij.util.io.IntToIntBtree.processLeafPages(IntToIntBtree.java:1084)
	at org.jetbrains.kotlin.com.intellij.util.io.IntToIntBtree.processLeafPages(IntToIntBtree.java:1084)
	at org.jetbrains.kotlin.com.intellij.util.io.IntToIntBtree.processLeafPages(IntToIntBtree.java:1084)
	at org.jetbrains.kotlin.com.intellij.util.io.IntToIntBtree.processLeafPages(IntToIntBtree.java:1084)
	at org.jetbrains.kotlin.com.intellij.util.io.IntToIntBtree.processLeafPages(IntToIntBtree.java:1084)
	at org.jetbrains.kotlin.com.intellij.util.io.IntToIntBtree.processLeafPages(IntToIntBtree.java:1084)
	at org.jetbrains.kotlin.com.intellij.util.io.IntToIntBtree.processLeafPages(IntToIntBtree.java:1084)
	at org.jetbrains.kotlin.com.intellij.util.io.IntToIntBtree.processLeafPages(IntToIntBtree.java:1084)
	at org.jetbrains.kotlin.com.intellij.util.io.IntToIntBtree.processLeafPages(IntToIntBtree.java:1084)
	at org.jetbrains.kotlin.com.intellij.util.io.IntToIntBtree.processLeafPages(IntToIntBtree.java:1084)
	at org.jetbrains.kotlin.com.intellij.util.io.IntToIntBtree.processLeafPages(IntToIntBtree.java:1084)
	at org.jetbrains.kotlin.com.intellij.util.io.IntToIntBtree.processLeafPages(IntToIntBtree.java:1084)
	at org.jetbrains.kotlin.com.intellij.util.io.IntToIntBtree.processLeafPages(IntToIntBtree.java:1084)
	at org.jetbrains.kotlin.com.intellij.util.io.IntToIntBtree.processLeafPages(IntToIntBtree.java:1084)
	at org.jetbrains.kotlin.com.intellij.util.io.IntToIntBtree.processLeafPages(IntToIntBtree.java:1084)
	at org.jetbrains.kotlin.com.intellij.util.io.IntToIntBtree.processLeafPages(IntToIntBtree.java:1084)
	at org.jetbrains.kotlin.com.intellij.util.io.IntToIntBtree.processLeafPages(IntToIntBtree.java:1084)
	at org.jetbrains.kotlin.com.intellij.util.io.IntToIntBtree.processLeafPages(IntToIntBtree.java:1084)
	at org.jetbrains.kotlin.com.intellij.util.io.IntToIntBtree.processLeafPages(IntToIntBtree.java:1084)
	at org.jetbrains.kotlin.com.intellij.util.io.IntToIntBtree.processLeafPages(IntToIntBtree.java:1084)
	at org.jetbrains.kotlin.com.intellij.util.io.IntToIntBtree.processLeafPages(IntToIntBtree.java:1084)
	at org.jetbrains.kotlin.com.intellij.util.io.IntToIntBtree.processLeafPages(IntToIntBtree.java:1084)
	at org.jetbrains.kotlin.com.intellij.util.io.IntToIntBtree.processLeafPages(IntToIntBtree.java:1084)
	at org.jetbrains.kotlin.com.intellij.util.io.IntToIntBtree.processLeafPages(IntToIntBtree.java:1084)
	at org.jetbrains.kotlin.com.intellij.util.io.IntToIntBtree.processLeafPages(IntToIntBtree.java:1084)
	at org.jetbrains.kotlin.com.intellij.util.io.IntToIntBtree.processLeafPages(IntToIntBtree.java:1084)
	at org.jetbrains.kotlin.com.intellij.util.io.IntToIntBtree.processLeafPages(IntToIntBtree.java:1084)
	at org.jetbrains.kotlin.com.intellij.util.io.IntToIntBtree.processLeafPages(IntToIntBtree.java:1084)
	at org.jetbrains.kotlin.com.intellij.util.io.IntToIntBtree.processLeafPages(IntToIntBtree.java:1084)
	at org.jetbrains.kotlin.com.intellij.util.io.IntToIntBtree.processLeafPages(IntToIntBtree.java:1084)
	at org.jetbrains.kotlin.com.intellij.util.io.IntToIntBtree.processLeafPages(IntToIntBtree.java:1084)
	at org.jetbrains.kotlin.com.intellij.util.io.IntToIntBtree.processLeafPages(IntToIntBtree.java:1084)
	at org.jetbrains.kotlin.com.intellij.util.io.IntToIntBtree.processLeafPages(IntToIntBtree.java:1084)
	at org.jetbrains.kotlin.com.intellij.util.io.IntToIntBtree.processLeafPages(IntToIntBtree.java:1084)
	at org.jetbrains.kotlin.com.intellij.util.io.IntToIntBtree.processLeafPages(IntToIntBtree.java:1084)
	at org.jetbrains.kotlin.com.intellij.util.io.IntToIntBtree.processLeafPages(IntToIntBtree.java:1084)
	at org.jetbrains.kotlin.com.intellij.util.io.IntToIntBtree.processLeafPages(IntToIntBtree.java:1084)
	at org.jetbrains.kotlin.com.intellij.util.io.IntToIntBtree.processLeafPages(IntToIntBtree.java:1084)
	at org.jetbrains.kotlin.com.intellij.util.io.IntToIntBtree.processLeafPages(IntToIntBtree.java:1084)
	at org.jetbrains.kotlin.com.intellij.util.io.IntToIntBtree.processLeafPages(IntToIntBtree.java:1084)
	at org.jetbrains.kotlin.com.intellij.util.io.IntToIntBtree.processLeafPages(IntToIntBtree.java:1084)
	at org.jetbrains.kotlin.com.intellij.util.io.IntToIntBtree.processLeafPages(IntToIntBtree.java:1084)
	at org.jetbrains.kotlin.com.intellij.util.io.IntToIntBtree.processLeafPages(IntToIntBtree.java:1084)
	at org.jetbrains.kotlin.com.intellij.util.io.IntToIntBtree.processLeafPages(IntToIntBtree.java:1084)
	at org.jetbrains.kotlin.com.intellij.util.io.IntToIntBtree.processLeafPages(IntToIntBtree.java:1084)
	at org.jetbrains.kotlin.com.intellij.util.io.IntToIntBtree.processLeafPages(IntToIntBtree.java:1084)
	at org.jetbrains.kotlin.com.intellij.util.io.IntToIntBtree.processLeafPages(IntToIntBtree.java:1084)
	at org.jetbrains.kotlin.com.intellij.util.io.IntToIntBtree.processLeafPages(IntToIntBtree.java:1084)
	at org.jetbrains.kotlin.com.intellij.util.io.IntToIntBtree.processLeafPages(IntToIntBtree.java:1084)
	at org.jetbrains.kotlin.com.intellij.util.io.IntToIntBtree.processLeafPages(IntToIntBtree.java:1084)
	at org.jetbrains.kotlin.com.intellij.util.io.IntToIntBtree.processLeafPages(IntToIntBtree.java:1084)
	at org.jetbrains.kotlin.com.intellij.util.io.IntToIntBtree.processLeafPages(IntToIntBtree.java:1084)
	at org.jetbrains.kotlin.com.intellij.util.io.IntToIntBtree.processLeafPages(IntToIntBtree.java:1084)
	at org.jetbrains.kotlin.com.intellij.util.io.IntToIntBtree.processLeafPages(IntToIntBtree.java:1084)
	at org.jetbrains.kotlin.com.intellij.util.io.IntToIntBtree.processLeafPages(IntToIntBtree.java:1084)
	at org.jetbrains.kotlin.com.intellij.util.io.IntToIntBtree.processLeafPages(IntToIntBtree.java:1084)
	at org.jetbrains.kotlin.com.intellij.util.io.IntToIntBtree.processLeafPages(IntToIntBtree.java:1084)
	at org.jetbrains.kotlin.com.intellij.util.io.IntToIntBtree.processLeafPages(IntToIntBtree.java:1084)
	at org.jetbrains.kotlin.com.intellij.util.io.IntToIntBtree.processLeafPages(IntToIntBtree.java:1084)
	at org.jetbrains.kotlin.com.intellij.util.io.IntToIntBtree.processLeafPages(IntToIntBtree.java:1084)
	at org.jetbrains.kotlin.com.intellij.util.io.IntToIntBtree.processLeafPages(IntToIntBtree.java:1084)
	at org.jetbrains.kotlin.com.intellij.util.io.IntToIntBtree.processLeafPages(IntToIntBtree.java:1084)
	at org.jetbrains.kotlin.com.intellij.util.io.IntToIntBtree.processLeafPages(IntToIntBtree.java:1084)
	at org.jetbrains.kotlin.com.intellij.util.io.IntToIntBtree.processLeafPages(IntToIntBtree.java:1084)
	at org.jetbrains.kotlin.com.intellij.util.io.IntToIntBtree.processLeafPages(IntToIntBtree.java:1084)
	at org.jetbrains.kotlin.com.intellij.util.io.IntToIntBtree.processLeafPages(IntToIntBtree.java:1084)
	at org.jetbrains.kotlin.com.intellij.util.io.IntToIntBtree.processLeafPages(IntToIntBtree.java:1084)
	at org.jetbrains.kotlin.com.intellij.util.io.IntToIntBtree.processLeafPages(IntToIntBtree.java:1084)
	at org.jetbrains.kotlin.com.intellij.util.io.IntToIntBtree.processLeafPages(IntToIntBtree.java:1084)
	at org.jetbrains.kotlin.com.intellij.util.io.IntToIntBtree.processLeafPages(IntToIntBtree.java:1084)
	at org.jetbrains.kotlin.com.intellij.util.io.IntToIntBtree.processLeafPages(IntToIntBtree.java:1084)
	at org.jetbrains.kotlin.com.intellij.util.io.IntToIntBtree.processLeafPages(IntToIntBtree.java:1084)
	at org.jetbrains.kotlin.com.intellij.util.io.IntToIntBtree.processLeafPages(IntToIntBtree.java:1084)
	at org.jetbrains.kotlin.com.intellij.util.io.IntToIntBtree.processLeafPages(IntToIntBtree.java:1084)
	at org.jetbrains.kotlin.com.intellij.util.io.IntToIntBtree.processLeafPages(IntToIntBtree.java:1084)
	at org.jetbrains.kotlin.com.intellij.util.io.IntToIntBtree.processLeafPages(IntToIntBtree.java:1084)
	at org.jetbrains.kotlin.com.intellij.util.io.IntToIntBtree.processLeafPages(IntToIntBtree.java:1084)
	at org.jetbrains.kotlin.com.intellij.util.io.IntToIntBtree.processLeafPages(IntToIntBtree.java:1084)
	at org.jetbrains.kotlin.com.intellij.util.io.IntToIntBtree.processLeafPages(IntToIntBtree.java:1084)
	at org.jetbrains.kotlin.com.intellij.util.io.IntToIntBtree.processLeafPages(IntToIntBtree.java:1084)
	at org.jetbrains.kotlin.com.intellij.util.io.IntToIntBtree.processLeafPages(IntToIntBtree.java:1084)
	at org.jetbrains.kotlin.com.intellij.util.io.IntToIntBtree.processLeafPages(IntToIntBtree.java:1084)
	at org.jetbrains.kotlin.com.intellij.util.io.IntToIntBtree.processLeafPages(IntToIntBtree.java:1084)
	at org.jetbrains.kotlin.com.intellij.util.io.IntToIntBtree.processLeafPages(IntToIntBtree.java:1084)
	at org.jetbrains.kotlin.com.intellij.util.io.IntToIntBtree.processLeafPages(IntToIntBtree.java:1084)
	at org.jetbrains.kotlin.com.intellij.util.io.IntToIntBtree.processLeafPages(IntToIntBtree.java:1084)
	at org.jetbrains.kotlin.com.intellij.util.io.IntToIntBtree.processLeafPages(IntToIntBtree.java:1084)
	at org.jetbrains.kotlin.com.intellij.util.io.IntToIntBtree.processLeafPages(IntToIntBtree.java:1084)
	at org.jetbrains.kotlin.com.intellij.util.io.IntToIntBtree.processLeafPages(IntToIntBtree.java:1084)
	at org.jetbrains.kotlin.com.intellij.util.io.IntToIntBtree.processLeafPages(IntToIntBtree.java:1084)
	at org.jetbrains.kotlin.com.intellij.util.io.IntToIntBtree.processLeafPages(IntToIntBtree.java:1084)
	at org.jetbrains.kotlin.com.intellij.util.io.IntToIntBtree.processLeafPages(IntToIntBtree.java:1084)
	at org.jetbrains.kotlin.com.intellij.util.io.IntToIntBtree.processLeafPages(IntToIntBtree.java:1084)
	at org.jetbrains.kotlin.com.intellij.util.io.IntToIntBtree.processLeafPages(IntToIntBtree.java:1084)
	at org.jetbrains.kotlin.com.intellij.util.io.IntToIntBtree.processLeafPages(IntToIntBtree.java:1084)
	at org.jetbrains.kotlin.com.intellij.util.io.IntToIntBtree.processLeafPages(IntToIntBtree.java:1084)
	at org.jetbrains.kotlin.com.intellij.util.io.IntToIntBtree.processLeafPages(IntToIntBtree.java:1084)
	at org.jetbrains.kotlin.com.intellij.util.io.IntToIntBtree.processLeafPages(IntToIntBtree.java:1084)
	at org.jetbrains.kotlin.com.intellij.util.io.IntToIntBtree.processLeafPages(IntToIntBtree.java:1084)
	at org.jetbrains.kotlin.com.intellij.util.io.IntToIntBtree.processLeafPages(IntToIntBtree.java:1084)
	at org.jetbrains.kotlin.com.intellij.util.io.IntToIntBtree.processLeafPages(IntToIntBtree.java:1084)
	at org.jetbrains.kotlin.com.intellij.util.io.IntToIntBtree.processLeafPages(IntToIntBtree.java:1084)
	at org.jetbrains.kotlin.com.intellij.util.io.IntToIntBtree.processLeafPages(IntToIntBtree.java:1084)
	at org.jetbrains.kotlin.com.intellij.util.io.IntToIntBtree.processLeafPages(IntToIntBtree.java:1084)
	at org.jetbrains.kotlin.com.intellij.util.io.IntToIntBtree.processLeafPages(IntToIntBtree.java:1084)
	at org.jetbrains.kotlin.com.intellij.util.io.IntToIntBtree.processLeafPages(IntToIntBtree.java:1084)
	at org.jetbrains.kotlin.com.intellij.util.io.IntToIntBtree.processLeafPages(IntToIntBtree.java:1084)
	at org.jetbrains.kotlin.com.intellij.util.io.IntToIntBtree.processLeafPages(IntToIntBtree.java:1084)
	at org.jetbrains.kotlin.com.intellij.util.io.IntToIntBtree.processLeafPages(IntToIntBtree.java:1084)
	at org.jetbrains.kotlin.com.intellij.util.io.IntToIntBtree.processLeafPages(IntToIntBtree.java:1084)
	at org.jetbrains.kotlin.com.intellij.util.io.IntToIntBtree.processLeafPages(IntToIntBtree.java:1084)
	at org.jetbrains.kotlin.com.intellij.util.io.IntToIntBtree.processLeafPages(IntToIntBtree.java:1084)
	at org.jetbrains.kotlin.com.intellij.util.io.IntToIntBtree.processLeafPages(IntToIntBtree.java:1084)
	at org.jetbrains.kotlin.com.intellij.util.io.IntToIntBtree.processLeafPages(IntToIntBtree.java:1084)
	at org.jetbrains.kotlin.com.intellij.util.io.IntToIntBtree.processLeafPages(IntToIntBtree.java:1084)
	at org.jetbrains.kotlin.com.intellij.util.io.IntToIntBtree.processLeafPages(IntToIntBtree.java:1084)
	at org.jetbrains.kotlin.com.intellij.util.io.IntToIntBtree.processLeafPages(IntToIntBtree.java:1084)
	at org.jetbrains.kotlin.com.intellij.util.io.IntToIntBtree.processLeafPages(IntToIntBtree.java:1084)
	at org.jetbrains.kotlin.com.intellij.util.io.IntToIntBtree.processLeafPages(IntToIntBtree.java:1084)
	at org.jetbrains.kotlin.com.intellij.util.io.IntToIntBtree.processLeafPages(IntToIntBtree.java:1084)
	at org.jetbrains.kotlin.com.intellij.util.io.IntToIntBtree.processLeafPages(IntToIntBtree.java:1084)
	at org.jetbrains.kotlin.com.intellij.util.io.IntToIntBtree.processLeafPages(IntToIntBtree.java:1084)
	at org.jetbrains.kotlin.com.intellij.util.io.IntToIntBtree.processLeafPages(IntToIntBtree.java:1084)
	at org.jetbrains.kotlin.com.intellij.util.io.IntToIntBtree.processLeafPages(IntToIntBtree.java:1084)
	at org.jetbrains.kotlin.com.intellij.util.io.IntToIntBtree.processLeafPages(IntToIntBtree.java:1084)
	at org.jetbrains.kotlin.com.intellij.util.io.IntToIntBtree.processLeafPages(IntToIntBtree.java:1084)
	at org.jetbrains.kotlin.com.intellij.util.io.IntToIntBtree.processLeafPages(IntToIntBtree.java:1084)
	at org.jetbrains.kotlin.com.intellij.util.io.IntToIntBtree.processLeafPages(IntToIntBtree.java:1084)
	at org.jetbrains.kotlin.com.intellij.util.io.IntToIntBtree.processLeafPages(IntToIntBtree.java:1084)
	at org.jetbrains.kotlin.com.intellij.util.io.IntToIntBtree.processLeafPages(IntToIntBtree.java:1084)
	at org.jetbrains.kotlin.com.intellij.util.io.IntToIntBtree.processLeafPages(IntToIntBtree.java:1084)
	at org.jetbrains.kotlin.com.intellij.util.io.IntToIntBtree.processLeafPages(IntToIntBtree.java:1084)
	at org.jetbrains.kotlin.com.intellij.util.io.IntToIntBtree.processLeafPages(IntToIntBtree.java:1084)
	at org.jetbrains.kotlin.com.intellij.util.io.IntToIntBtree.processLeafPages(IntToIntBtree.java:1084)
	at org.jetbrains.kotlin.com.intellij.util.io.IntToIntBtree.processLeafPages(IntToIntBtree.java:1084)
	at org.jetbrains.kotlin.com.intellij.util.io.IntToIntBtree.processLeafPages(IntToIntBtree.java:1084)
	at org.jetbrains.kotlin.com.intellij.util.io.IntToIntBtree.processLeafPages(IntToIntBtree.java:1084)
	at org.jetbrains.kotlin.com.intellij.util.io.IntToIntBtree.processLeafPages(IntToIntBtree.java:1084)
	at org.jetbrains.kotlin.com.intellij.util.io.IntToIntBtree.processLeafPages(IntToIntBtree.java:1084)
	at org.jetbrains.kotlin.com.intellij.util.io.IntToIntBtree.processLeafPages(IntToIntBtree.java:1084)
	at org.jetbrains.kotlin.com.intellij.util.io.IntToIntBtree.processLeafPages(IntToIntBtree.java:1084)
	at org.jetbrains.kotlin.com.intellij.util.io.IntToIntBtree.processLeafPages(IntToIntBtree.java:1084)
	at org.jetbrains.kotlin.com.intellij.util.io.IntToIntBtree.processLeafPages(IntToIntBtree.java:1084)
	at org.jetbrains.kotlin.com.intellij.util.io.IntToIntBtree.processLeafPages(IntToIntBtree.java:1084)
	at org.jetbrains.kotlin.com.intellij.util.io.IntToIntBtree.processLeafPages(IntToIntBtree.java:1084)
	at org.jetbrains.kotlin.com.intellij.util.io.IntToIntBtree.processLeafPages(IntToIntBtree.java:1084)
	at org.jetbrains.kotlin.com.intellij.util.io.IntToIntBtree.processLeafPages(IntToIntBtree.java:1084)
	at org.jetbrains.kotlin.com.intellij.util.io.IntToIntBtree.processLeafPages(IntToIntBtree.java:1084)
	at org.jetbrains.kotlin.com.intellij.util.io.IntToIntBtree.processLeafPages(IntToIntBtree.java:1084)
	at org.jetbrains.kotlin.com.intellij.util.io.IntToIntBtree.processLeafPages(IntToIntBtree.java:1084)
	at org.jetbrains.kotlin.com.intellij.util.io.IntToIntBtree.processLeafPages(IntToIntBtree.java:1084)
	at org.jetbrains.kotlin.com.intellij.util.io.IntToIntBtree.processLeafPages(IntToIntBtree.java:1084)
	at org.jetbrains.kotlin.com.intellij.util.io.IntToIntBtree.processLeafPages(IntToIntBtree.java:1084)
	at org.jetbrains.kotlin.com.intellij.util.io.IntToIntBtree.processLeafPages(IntToIntBtree.java:1084)
	at org.jetbrains.kotlin.com.intellij.util.io.IntToIntBtree.processLeafPages(IntToIntBtree.java:1084)
	at org.jetbrains.kotlin.com.intellij.util.io.IntToIntBtree.processLeafPages(IntToIntBtree.java:1084)
	at org.jetbrains.kotlin.com.intellij.util.io.IntToIntBtree.processLeafPages(IntToIntBtree.java:1084)
	at org.jetbrains.kotlin.com.intellij.util.io.IntToIntBtree.processLeafPages(IntToIntBtree.java:1084)
	at org.jetbrains.kotlin.com.intellij.util.io.IntToIntBtree.processLeafPages(IntToIntBtree.java:1084)
	at org.jetbrains.kotlin.com.intellij.util.io.IntToIntBtree.processLeafPages(IntToIntBtree.java:1084)
	at org.jetbrains.kotlin.com.intellij.util.io.IntToIntBtree.processLeafPages(IntToIntBtree.java:1084)
	at org.jetbrains.kotlin.com.intellij.util.io.IntToIntBtree.processLeafPages(IntToIntBtree.java:1084)
	at org.jetbrains.kotlin.com.intellij.util.io.IntToIntBtree.processLeafPages(IntToIntBtree.java:1084)
	at org.jetbrains.kotlin.com.intellij.util.io.IntToIntBtree.processLeafPages(IntToIntBtree.java:1084)
	at org.jetbrains.kotlin.com.intellij.util.io.IntToIntBtree.processLeafPages(IntToIntBtree.java:1084)
	at org.jetbrains.kotlin.com.intellij.util.io.IntToIntBtree.processLeafPages(IntToIntBtree.java:1084)
	at org.jetbrains.kotlin.com.intellij.util.io.IntToIntBtree.processLeafPages(IntToIntBtree.java:1084)
	at org.jetbrains.kotlin.com.intellij.util.io.IntToIntBtree.processLeafPages(IntToIntBtree.java:1084)
	at org.jetbrains.kotlin.com.intellij.util.io.IntToIntBtree.processLeafPages(IntToIntBtree.java:1084)
	at org.jetbrains.kotlin.com.intellij.util.io.IntToIntBtree.processLeafPages(IntToIntBtree.java:1084)
	at org.jetbrains.kotlin.com.intellij.util.io.IntToIntBtree.processLeafPages(IntToIntBtree.java:1084)
	at org.jetbrains.kotlin.com.intellij.util.io.IntToIntBtree.processLeafPages(IntToIntBtree.java:1084)
	at org.jetbrains.kotlin.com.intellij.util.io.IntToIntBtree.processLeafPages(IntToIntBtree.java:1084)
	at org.jetbrains.kotlin.com.intellij.util.io.IntToIntBtree.processLeafPages(IntToIntBtree.java:1084)
	at org.jetbrains.kotlin.com.intellij.util.io.IntToIntBtree.processLeafPages(IntToIntBtree.java:1084)
	at org.jetbrains.kotlin.com.intellij.util.io.IntToIntBtree.processLeafPages(IntToIntBtree.java:1084)
	at org.jetbrains.kotlin.com.intellij.util.io.IntToIntBtree.processLeafPages(IntToIntBtree.java:1084)
	at org.jetbrains.kotlin.com.intellij.util.io.IntToIntBtree.processLeafPages(IntToIntBtree.java:1084)
	at org.jetbrains.kotlin.com.intellij.util.io.IntToIntBtree.processLeafPages(IntToIntBtree.java:1084)
	at org.jetbrains.kotlin.com.intellij.util.io.IntToIntBtree.processLeafPages(IntToIntBtree.java:1084)
	at org.jetbrains.kotlin.com.intellij.util.io.IntToIntBtree.processLeafPages(IntToIntBtree.java:1084)
	at org.jetbrains.kotlin.com.intellij.util.io.IntToIntBtree.processLeafPages(IntToIntBtree.java:1084)
	at org.jetbrains.kotlin.com.intellij.util.io.IntToIntBtree.processLeafPages(IntToIntBtree.java:1084)
	at org.jetbrains.kotlin.com.intellij.util.io.IntToIntBtree.processLeafPages(IntToIntBtree.java:1084)
	at org.jetbrains.kotlin.com.intellij.util.io.IntToIntBtree.processLeafPages(IntToIntBtree.java:1084)
	at org.jetbrains.kotlin.com.intellij.util.io.IntToIntBtree.processLeafPages(IntToIntBtree.java:1084)
	at org.jetbrains.kotlin.com.intellij.util.io.IntToIntBtree.processLeafPages(IntToIntBtree.java:1084)
	at org.jetbrains.kotlin.com.intellij.util.io.IntToIntBtree.processLeafPages(IntToIntBtree.java:1084)
	at org.jetbrains.kotlin.com.intellij.util.io.IntToIntBtree.processLeafPages(IntToIntBtree.java:1084)
	at org.jetbrains.kotlin.com.intellij.util.io.IntToIntBtree.processLeafPages(IntToIntBtree.java:1084)
	at org.jetbrains.kotlin.com.intellij.util.io.IntToIntBtree.processLeafPages(IntToIntBtree.java:1084)
	at org.jetbrains.kotlin.com.intellij.util.io.IntToIntBtree.processLeafPages(IntToIntBtree.java:1084)
	at org.jetbrains.kotlin.com.intellij.util.io.IntToIntBtree.processLeafPages(IntToIntBtree.java:1084)
	at org.jetbrains.kotlin.com.intellij.util.io.IntToIntBtree.processLeafPages(IntToIntBtree.java:1084)
	at org.jetbrains.kotlin.com.intellij.util.io.IntToIntBtree.processLeafPages(IntToIntBtree.java:1084)
	at org.jetbrains.kotlin.com.intellij.util.io.IntToIntBtree.processLeafPages(IntToIntBtree.java:1084)
	at org.jetbrains.kotlin.com.intellij.util.io.IntToIntBtree.processLeafPages(IntToIntBtree.java:1084)
	at org.jetbrains.kotlin.com.intellij.util.io.IntToIntBtree.processLeafPages(IntToIntBtree.java:1084)
	at org.jetbrains.kotlin.com.intellij.util.io.IntToIntBtree.processLeafPages(IntToIntBtree.java:1084)
	at org.jetbrains.kotlin.com.intellij.util.io.IntToIntBtree.processLeafPages(IntToIntBtree.java:1084)
	at org.jetbrains.kotlin.com.intellij.util.io.IntToIntBtree.processLeafPages(IntToIntBtree.java:1084)
	at org.jetbrains.kotlin.com.intellij.util.io.IntToIntBtree.processLeafPages(IntToIntBtree.java:1084)
	at org.jetbrains.kotlin.com.intellij.util.io.IntToIntBtree.processLeafPages(IntToIntBtree.java:1084)
	at org.jetbrains.kotlin.com.intellij.util.io.IntToIntBtree.processLeafPages(IntToIntBtree.java:1084)
	at org.jetbrains.kotlin.com.intellij.util.io.IntToIntBtree.processLeafPages(IntToIntBtree.java:1084)
	at org.jetbrains.kotlin.com.intellij.util.io.IntToIntBtree.processLeafPages(IntToIntBtree.java:1084)
	at org.jetbrains.kotlin.com.intellij.util.io.IntToIntBtree.processLeafPages(IntToIntBtree.java:1084)
	at org.jetbrains.kotlin.com.intellij.util.io.IntToIntBtree.processLeafPages(IntToIntBtree.java:1084)
	at org.jetbrains.kotlin.com.intellij.util.io.IntToIntBtree.processLeafPages(IntToIntBtree.java:1084)
	at org.jetbrains.kotlin.com.intellij.util.io.IntToIntBtree.processLeafPages(IntToIntBtree.java:1084)
	at org.jetbrains.kotlin.com.intellij.util.io.IntToIntBtree.processLeafPages(IntToIntBtree.java:1084)
	at org.jetbrains.kotlin.com.intellij.util.io.IntToIntBtree.processLeafPages(IntToIntBtree.java:1084)
	at org.jetbrains.kotlin.com.intellij.util.io.IntToIntBtree.processLeafPages(IntToIntBtree.java:1084)
	at org.jetbrains.kotlin.com.intellij.util.io.IntToIntBtree.processLeafPages(IntToIntBtree.java:1084)
	at org.jetbrains.kotlin.com.intellij.util.io.IntToIntBtree.processLeafPages(IntToIntBtree.java:1084)
	at org.jetbrains.kotlin.com.intellij.util.io.IntToIntBtree.processLeafPages(IntToIntBtree.java:1084)
	at org.jetbrains.kotlin.com.intellij.util.io.IntToIntBtree.processLeafPages(IntToIntBtree.java:1084)
	at org.jetbrains.kotlin.com.intellij.util.io.IntToIntBtree.processLeafPages(IntToIntBtree.java:1084)
	at org.jetbrains.kotlin.com.intellij.util.io.IntToIntBtree.processLeafPages(IntToIntBtree.java:1084)
	at org.jetbrains.kotlin.com.intellij.util.io.IntToIntBtree.processLeafPages(IntToIntBtree.java:1084)
	at org.jetbrains.kotlin.com.intellij.util.io.IntToIntBtree.processLeafPages(IntToIntBtree.java:1084)
	at org.jetbrains.kotlin.com.intellij.util.io.IntToIntBtree.processLeafPages(IntToIntBtree.java:1084)
	at org.jetbrains.kotlin.com.intellij.util.io.IntToIntBtree.processLeafPages(IntToIntBtree.java:1084)
	at org.jetbrains.kotlin.com.intellij.util.io.IntToIntBtree.processLeafPages(IntToIntBtree.java:1084)
	at org.jetbrains.kotlin.com.intellij.util.io.IntToIntBtree.processLeafPages(IntToIntBtree.java:1084)
	at org.jetbrains.kotlin.com.intellij.util.io.IntToIntBtree.processLeafPages(IntToIntBtree.java:1084)
	at org.jetbrains.kotlin.com.intellij.util.io.IntToIntBtree.processLeafPages(IntToIntBtree.java:1084)
	at org.jetbrains.kotlin.com.intellij.util.io.IntToIntBtree.processLeafPages(IntToIntBtree.java:1084)
	at org.jetbrains.kotlin.com.intellij.util.io.IntToIntBtree.processLeafPages(IntToIntBtree.java:1084)
	at org.jetbrains.kotlin.com.intellij.util.io.IntToIntBtree.processLeafPages(IntToIntBtree.java:1084)
	at org.jetbrains.kotlin.com.intellij.util.io.IntToIntBtree.processLeafPages(IntToIntBtree.java:1084)
	at org.jetbrains.kotlin.com.intellij.util.io.IntToIntBtree.processLeafPages(IntToIntBtree.java:1084)
	at org.jetbrains.kotlin.com.intellij.util.io.IntToIntBtree.processLeafPages(IntToIntBtree.java:1084)
	at org.jetbrains.kotlin.com.intellij.util.io.IntToIntBtree.processLeafPages(IntToIntBtree.java:1084)
	at org.jetbrains.kotlin.com.intellij.util.io.IntToIntBtree.processLeafPages(IntToIntBtree.java:1084)
	at org.jetbrains.kotlin.com.intellij.util.io.IntToIntBtree.processLeafPages(IntToIntBtree.java:1084)
	at org.jetbrains.kotlin.com.intellij.util.io.IntToIntBtree.processLeafPages(IntToIntBtree.java:1084)
	at org.jetbrains.kotlin.com.intellij.util.io.IntToIntBtree.processLeafPages(IntToIntBtree.java:1084)
	at org.jetbrains.kotlin.com.intellij.util.io.IntToIntBtree.processLeafPages(IntToIntBtree.java:1084)
	at org.jetbrains.kotlin.com.intellij.util.io.IntToIntBtree.processLeafPages(IntToIntBtree.java:1084)
	at org.jetbrains.kotlin.com.intellij.util.io.IntToIntBtree.processLeafPages(IntToIntBtree.java:1084)
	at org.jetbrains.kotlin.com.intellij.util.io.IntToIntBtree.processLeafPages(IntToIntBtree.java:1084)
	at org.jetbrains.kotlin.com.intellij.util.io.IntToIntBtree.processLeafPages(IntToIntBtree.java:1084)
	at org.jetbrains.kotlin.com.intellij.util.io.IntToIntBtree.processLeafPages(IntToIntBtree.java:1084)
	at org.jetbrains.kotlin.com.intellij.util.io.IntToIntBtree.processLeafPages(IntToIntBtree.java:1084)
	at org.jetbrains.kotlin.com.intellij.util.io.IntToIntBtree.processLeafPages(IntToIntBtree.java:1084)
	at org.jetbrains.kotlin.com.intellij.util.io.IntToIntBtree.processLeafPages(IntToIntBtree.java:1084)
	at org.jetbrains.kotlin.com.intellij.util.io.IntToIntBtree.processLeafPages(IntToIntBtree.java:1084)
	at org.jetbrains.kotlin.com.intellij.util.io.IntToIntBtree.processLeafPages(IntToIntBtree.java:1084)
	at org.jetbrains.kotlin.com.intellij.util.io.IntToIntBtree.processLeafPages(IntToIntBtree.java:1084)
	at org.jetbrains.kotlin.com.intellij.util.io.IntToIntBtree.processLeafPages(IntToIntBtree.java:1084)
	at org.jetbrains.kotlin.com.intellij.util.io.IntToIntBtree.processLeafPages(IntToIntBtree.java:1084)
	at org.jetbrains.kotlin.com.intellij.util.io.IntToIntBtree.processLeafPages(IntToIntBtree.java:1084)
	at org.jetbrains.kotlin.com.intellij.util.io.IntToIntBtree.processLeafPages(IntToIntBtree.java:1084)
	at org.jetbrains.kotlin.com.intellij.util.io.IntToIntBtree.processLeafPages(IntToIntBtree.java:1084)
	at org.jetbrains.kotlin.com.intellij.util.io.IntToIntBtree.processLeafPages(IntToIntBtree.java:1084)
	at org.jetbrains.kotlin.com.intellij.util.io.IntToIntBtree.processLeafPages(IntToIntBtree.java:1084)
	at org.jetbrains.kotlin.com.intellij.util.io.IntToIntBtree.processLeafPages(IntToIntBtree.java:1084)
	at org.jetbrains.kotlin.com.intellij.util.io.IntToIntBtree.processLeafPages(IntToIntBtree.java:1084)
	at org.jetbrains.kotlin.com.intellij.util.io.IntToIntBtree.processLeafPages(IntToIntBtree.java:1084)
	at org.jetbrains.kotlin.com.intellij.util.io.IntToIntBtree.processLeafPages(IntToIntBtree.java:1084)
	at org.jetbrains.kotlin.com.intellij.util.io.IntToIntBtree.processLeafPages(IntToIntBtree.java:1084)
	at org.jetbrains.kotlin.com.intellij.util.io.IntToIntBtree.processLeafPages(IntToIntBtree.java:1084)
	at org.jetbrains.kotlin.com.intellij.util.io.IntToIntBtree.processLeafPages(IntToIntBtree.java:1084)
	at org.jetbrains.kotlin.com.intellij.util.io.IntToIntBtree.processLeafPages(IntToIntBtree.java:1084)
	at org.jetbrains.kotlin.com.intellij.util.io.IntToIntBtree.processLeafPages(IntToIntBtree.java:1084)
	at org.jetbrains.kotlin.com.intellij.util.io.IntToIntBtree.processLeafPages(IntToIntBtree.java:1084)
	at org.jetbrains.kotlin.com.intellij.util.io.IntToIntBtree.processLeafPages(IntToIntBtree.java:1084)
	at org.jetbrains.kotlin.com.intellij.util.io.IntToIntBtree.processLeafPages(IntToIntBtree.java:1084)
	at org.jetbrains.kotlin.com.intellij.util.io.IntToIntBtree.processLeafPages(IntToIntBtree.java:1084)
	at org.jetbrains.kotlin.com.intellij.util.io.IntToIntBtree.processLeafPages(IntToIntBtree.java:1084)
	at org.jetbrains.kotlin.com.intellij.util.io.IntToIntBtree.processLeafPages(IntToIntBtree.java:1084)
	at org.jetbrains.kotlin.com.intellij.util.io.IntToIntBtree.processLeafPages(IntToIntBtree.java:1084)
	at org.jetbrains.kotlin.com.intellij.util.io.IntToIntBtree.processLeafPages(IntToIntBtree.java:1084)
	at org.jetbrains.kotlin.com.intellij.util.io.IntToIntBtree.processLeafPages(IntToIntBtree.java:1084)
	at org.jetbrains.kotlin.com.intellij.util.io.IntToIntBtree.processLeafPages(IntToIntBtree.java:1084)
	at org.jetbrains.kotlin.com.intellij.util.io.IntToIntBtree.processLeafPages(IntToIntBtree.java:1084)
	at org.jetbrains.kotlin.com.intellij.util.io.IntToIntBtree.processLeafPages(IntToIntBtree.java:1084)
	at org.jetbrains.kotlin.com.intellij.util.io.IntToIntBtree.processLeafPages(IntToIntBtree.java:1084)
	at org.jetbrains.kotlin.com.intellij.util.io.IntToIntBtree.processLeafPages(IntToIntBtree.java:1084)
	at org.jetbrains.kotlin.com.intellij.util.io.IntToIntBtree.processLeafPages(IntToIntBtree.java:1084)
	at org.jetbrains.kotlin.com.intellij.util.io.IntToIntBtree.processLeafPages(IntToIntBtree.java:1084)
	at org.jetbrains.kotlin.com.intellij.util.io.IntToIntBtree.processLeafPages(IntToIntBtree.java:1084)
	at org.jetbrains.kotlin.com.intellij.util.io.IntToIntBtree.processLeafPages(IntToIntBtree.java:1084)
	at org.jetbrains.kotlin.com.intellij.util.io.IntToIntBtree.processLeafPages(IntToIntBtree.java:1084)
	at org.jetbrains.kotlin.com.intellij.util.io.IntToIntBtree.processLeafPages(IntToIntBtree.java:1084)
	at org.jetbrains.kotlin.com.intellij.util.io.IntToIntBtree.processLeafPages(IntToIntBtree.java:1084)
	at org.jetbrains.kotlin.com.intellij.util.io.IntToIntBtree.processLeafPages(IntToIntBtree.java:1084)
	at org.jetbrains.kotlin.com.intellij.util.io.IntToIntBtree.processLeafPages(IntToIntBtree.java:1084)
	at org.jetbrains.kotlin.com.intellij.util.io.IntToIntBtree.processLeafPages(IntToIntBtree.java:1084)
	at org.jetbrains.kotlin.com.intellij.util.io.IntToIntBtree.processLeafPages(IntToIntBtree.java:1084)
	at org.jetbrains.kotlin.com.intellij.util.io.IntToIntBtree.processLeafPages(IntToIntBtree.java:1084)
	at org.jetbrains.kotlin.com.intellij.util.io.IntToIntBtree.processLeafPages(IntToIntBtree.java:1084)
	at org.jetbrains.kotlin.com.intellij.util.io.IntToIntBtree.processLeafPages(IntToIntBtree.java:1084)
	at org.jetbrains.kotlin.com.intellij.util.io.IntToIntBtree.processLeafPages(IntToIntBtree.java:1084)
	at org.jetbrains.kotlin.com.intellij.util.io.IntToIntBtree.processLeafPages(IntToIntBtree.java:1084)
	at org.jetbrains.kotlin.com.intellij.util.io.IntToIntBtree.processLeafPages(IntToIntBtree.java:1084)
	at org.jetbrains.kotlin.com.intellij.util.io.IntToIntBtree.processLeafPages(IntToIntBtree.java:1084)
	at org.jetbrains.kotlin.com.intellij.util.io.IntToIntBtree.processLeafPages(IntToIntBtree.java:1084)
	at org.jetbrains.kotlin.com.intellij.util.io.IntToIntBtree.processLeafPages(IntToIntBtree.java:1084)
	at org.jetbrains.kotlin.com.intellij.util.io.IntToIntBtree.processLeafPages(IntToIntBtree.java:1084)
	at org.jetbrains.kotlin.com.intellij.util.io.IntToIntBtree.processLeafPages(IntToIntBtree.java:1084)
	at org.jetbrains.kotlin.com.intellij.util.io.IntToIntBtree.processLeafPages(IntToIntBtree.java:1084)
	at org.jetbrains.kotlin.com.intellij.util.io.IntToIntBtree.processLeafPages(IntToIntBtree.java:1084)
	at org.jetbrains.kotlin.com.intellij.util.io.IntToIntBtree.processLeafPages(IntToIntBtree.java:1084)
	at org.jetbrains.kotlin.com.intellij.util.io.IntToIntBtree.processLeafPages(IntToIntBtree.java:1084)
	at org.jetbrains.kotlin.com.intellij.util.io.IntToIntBtree.processLeafPages(IntToIntBtree.java:1084)
	at org.jetbrains.kotlin.com.intellij.util.io.IntToIntBtree.processLeafPages(IntToIntBtree.java:1084)
	at org.jetbrains.kotlin.com.intellij.util.io.IntToIntBtree.processLeafPages(IntToIntBtree.java:1084)
	at org.jetbrains.kotlin.com.intellij.util.io.IntToIntBtree.processLeafPages(IntToIntBtree.java:1084)
	at org.jetbrains.kotlin.com.intellij.util.io.IntToIntBtree.processLeafPages(IntToIntBtree.java:1084)
	at org.jetbrains.kotlin.com.intellij.util.io.IntToIntBtree.processLeafPages(IntToIntBtree.java:1084)
	at org.jetbrains.kotlin.com.intellij.util.io.IntToIntBtree.processLeafPages(IntToIntBtree.java:1084)
	at org.jetbrains.kotlin.com.intellij.util.io.IntToIntBtree.processLeafPages(IntToIntBtree.java:1084)
	at org.jetbrains.kotlin.com.intellij.util.io.IntToIntBtree.processLeafPages(IntToIntBtree.java:1084)
	at org.jetbrains.kotlin.com.intellij.util.io.IntToIntBtree.processLeafPages(IntToIntBtree.java:1084)
	at org.jetbrains.kotlin.com.intellij.util.io.IntToIntBtree.processLeafPages(IntToIntBtree.java:1084)
	at org.jetbrains.kotlin.com.intellij.util.io.IntToIntBtree.processLeafPages(IntToIntBtree.java:1084)
	at org.jetbrains.kotlin.com.intellij.util.io.IntToIntBtree.processLeafPages(IntToIntBtree.java:1084)
	at org.jetbrains.kotlin.com.intellij.util.io.IntToIntBtree.processLeafPages(IntToIntBtree.java:1084)
	at org.jetbrains.kotlin.com.intellij.util.io.IntToIntBtree.processLeafPages(IntToIntBtree.java:1084)
	at org.jetbrains.kotlin.com.intellij.util.io.IntToIntBtree.processLeafPages(IntToIntBtree.java:1084)
	at org.jetbrains.kotlin.com.intellij.util.io.IntToIntBtree.processLeafPages(IntToIntBtree.java:1084)
	at org.jetbrains.kotlin.com.intellij.util.io.IntToIntBtree.processLeafPages(IntToIntBtree.java:1084)
	at org.jetbrains.kotlin.com.intellij.util.io.IntToIntBtree.processLeafPages(IntToIntBtree.java:1084)
	at org.jetbrains.kotlin.com.intellij.util.io.IntToIntBtree.processLeafPages(IntToIntBtree.java:1084)
	at org.jetbrains.kotlin.com.intellij.util.io.IntToIntBtree.processLeafPages(IntToIntBtree.java:1084)
	at org.jetbrains.kotlin.com.intellij.util.io.IntToIntBtree.processLeafPages(IntToIntBtree.java:1084)
	at org.jetbrains.kotlin.com.intellij.util.io.IntToIntBtree.processLeafPages(IntToIntBtree.java:1084)
	at org.jetbrains.kotlin.com.intellij.util.io.IntToIntBtree.processLeafPages(IntToIntBtree.java:1084)
	at org.jetbrains.kotlin.com.intellij.util.io.IntToIntBtree.processLeafPages(IntToIntBtree.java:1084)
	at org.jetbrains.kotlin.com.intellij.util.io.IntToIntBtree.processLeafPages(IntToIntBtree.java:1084)
	at org.jetbrains.kotlin.com.intellij.util.io.IntToIntBtree.processLeafPages(IntToIntBtree.java:1084)
	at org.jetbrains.kotlin.com.intellij.util.io.IntToIntBtree.processLeafPages(IntToIntBtree.java:1084)
	at org.jetbrains.kotlin.com.intellij.util.io.IntToIntBtree.processLeafPages(IntToIntBtree.java:1084)
	at org.jetbrains.kotlin.com.intellij.util.io.IntToIntBtree.processLeafPages(IntToIntBtree.java:1084)
	at org.jetbrains.kotlin.com.intellij.util.io.IntToIntBtree.processLeafPages(IntToIntBtree.java:1084)
	at org.jetbrains.kotlin.com.intellij.util.io.IntToIntBtree.processLeafPages(IntToIntBtree.java:1084)
	at org.jetbrains.kotlin.com.intellij.util.io.IntToIntBtree.processLeafPages(IntToIntBtree.java:1084)
	at org.jetbrains.kotlin.com.intellij.util.io.IntToIntBtree.processLeafPages(IntToIntBtree.java:1084)
	at org.jetbrains.kotlin.com.intellij.util.io.IntToIntBtree.processLeafPages(IntToIntBtree.java:1084)
	at org.jetbrains.kotlin.com.intellij.util.io.IntToIntBtree.processLeafPages(IntToIntBtree.java:1084)
	at org.jetbrains.kotlin.com.intellij.util.io.IntToIntBtree.processLeafPages(IntToIntBtree.java:1084)
	at org.jetbrains.kotlin.com.intellij.util.io.IntToIntBtree.processLeafPages(IntToIntBtree.java:1084)
	at org.jetbrains.kotlin.com.intellij.util.io.IntToIntBtree.processLeafPages(IntToIntBtree.java:1084)
	at org.jetbrains.kotlin.com.intellij.util.io.IntToIntBtree.processLeafPages(IntToIntBtree.java:1084)
	at org.jetbrains.kotlin.com.intellij.util.io.IntToIntBtree.processLeafPages(IntToIntBtree.java:1084)
	at org.jetbrains.kotlin.com.intellij.util.io.IntToIntBtree.processLeafPages(IntToIntBtree.java:1084)
	at org.jetbrains.kotlin.com.intellij.util.io.IntToIntBtree.processLeafPages(IntToIntBtree.java:1084)
	at org.jetbrains.kotlin.com.intellij.util.io.IntToIntBtree.processLeafPages(IntToIntBtree.java:1084)
	at org.jetbrains.kotlin.com.intellij.util.io.IntToIntBtree.processLeafPages(IntToIntBtree.java:1084)
	at org.jetbrains.kotlin.com.intellij.util.io.IntToIntBtree.processLeafPages(IntToIntBtree.java:1084)
	at org.jetbrains.kotlin.com.intellij.util.io.IntToIntBtree.processLeafPages(IntToIntBtree.java:1084)
	at org.jetbrains.kotlin.com.intellij.util.io.IntToIntBtree.processLeafPages(IntToIntBtree.java:1084)
	at org.jetbrains.kotlin.com.intellij.util.io.IntToIntBtree.processLeafPages(IntToIntBtree.java:1084)
	at org.jetbrains.kotlin.com.intellij.util.io.IntToIntBtree.processLeafPages(IntToIntBtree.java:1084)
	at org.jetbrains.kotlin.com.intellij.util.io.IntToIntBtree.processLeafPages(IntToIntBtree.java:1084)
	at org.jetbrains.kotlin.com.intellij.util.io.IntToIntBtree.processLeafPages(IntToIntBtree.java:1084)
	at org.jetbrains.kotlin.com.intellij.util.io.IntToIntBtree.processLeafPages(IntToIntBtree.java:1084)
	at org.jetbrains.kotlin.com.intellij.util.io.IntToIntBtree.processLeafPages(IntToIntBtree.java:1084)
	at org.jetbrains.kotlin.com.intellij.util.io.IntToIntBtree.processLeafPages(IntToIntBtree.java:1084)
	at org.jetbrains.kotlin.com.intellij.util.io.IntToIntBtree.processLeafPages(IntToIntBtree.java:1084)
	at org.jetbrains.kotlin.com.intellij.util.io.IntToIntBtree.processLeafPages(IntToIntBtree.java:1084)
	at org.jetbrains.kotlin.com.intellij.util.io.IntToIntBtree.processLeafPages(IntToIntBtree.java:1084)
	at org.jetbrains.kotlin.com.intellij.util.io.IntToIntBtree.processLeafPages(IntToIntBtree.java:1084)
	at org.jetbrains.kotlin.com.intellij.util.io.IntToIntBtree.processLeafPages(IntToIntBtree.java:1084)
	at org.jetbrains.kotlin.com.intellij.util.io.IntToIntBtree.processLeafPages(IntToIntBtree.java:1084)
	at org.jetbrains.kotlin.com.intellij.util.io.IntToIntBtree.processLeafPages(IntToIntBtree.java:1084)
	at org.jetbrains.kotlin.com.intellij.util.io.IntToIntBtree.processLeafPages(IntToIntBtree.java:1084)
	at org.jetbrains.kotlin.com.intellij.util.io.IntToIntBtree.processLeafPages(IntToIntBtree.java:1084)
	at org.jetbrains.kotlin.com.intellij.util.io.IntToIntBtree.processLeafPages(IntToIntBtree.java:1084)
	at org.jetbrains.kotlin.com.intellij.util.io.IntToIntBtree.processLeafPages(IntToIntBtree.java:1084)
	at org.jetbrains.kotlin.com.intellij.util.io.IntToIntBtree.processLeafPages(IntToIntBtree.java:1084)
	at org.jetbrains.kotlin.com.intellij.util.io.IntToIntBtree.processLeafPages(IntToIntBtree.java:1084)
	at org.jetbrains.kotlin.com.intellij.util.io.IntToIntBtree.processLeafPages(IntToIntBtree.java:1084)
	at org.jetbrains.kotlin.com.intellij.util.io.IntToIntBtree.processLeafPages(IntToIntBtree.java:1084)
	at org.jetbrains.kotlin.com.intellij.util.io.IntToIntBtree.processLeafPages(IntToIntBtree.java:1084)
	at org.jetbrains.kotlin.com.intellij.util.io.IntToIntBtree.processLeafPages(IntToIntBtree.java:1084)
	at org.jetbrains.kotlin.com.intellij.util.io.IntToIntBtree.processLeafPages(IntToIntBtree.java:1084)
	at org.jetbrains.kotlin.com.intellij.util.io.IntToIntBtree.processLeafPages(IntToIntBtree.java:1084)
	at org.jetbrains.kotlin.com.intellij.util.io.IntToIntBtree.processLeafPages(IntToIntBtree.java:1084)
	at org.jetbrains.kotlin.com.intellij.util.io.IntToIntBtree.processLeafPages(IntToIntBtree.java:1084)
	at org.jetbrains.kotlin.com.intellij.util.io.IntToIntBtree.processLeafPages(IntToIntBtree.java:1084)
	at org.jetbrains.kotlin.com.intellij.util.io.IntToIntBtree.processLeafPages(IntToIntBtree.java:1084)
	at org.jetbrains.kotlin.com.intellij.util.io.IntToIntBtree.processLeafPages(IntToIntBtree.java:1084)
	at org.jetbrains.kotlin.com.intellij.util.io.IntToIntBtree.processLeafPages(IntToIntBtree.java:1084)
	at org.jetbrains.kotlin.com.intellij.util.io.IntToIntBtree.processLeafPages(IntToIntBtree.java:1084)
	at org.jetbrains.kotlin.com.intellij.util.io.IntToIntBtree.processLeafPages(IntToIntBtree.java:1084)
	at org.jetbrains.kotlin.com.intellij.util.io.IntToIntBtree.processLeafPages(IntToIntBtree.java:1084)
	at org.jetbrains.kotlin.com.intellij.util.io.IntToIntBtree.processLeafPages(IntToIntBtree.java:1084)
	at org.jetbrains.kotlin.com.intellij.util.io.IntToIntBtree.processLeafPages(IntToIntBtree.java:1084)
	at org.jetbrains.kotlin.com.intellij.util.io.IntToIntBtree.processLeafPages(IntToIntBtree.java:1084)
	at org.jetbrains.kotlin.com.intellij.util.io.IntToIntBtree.processLeafPages(IntToIntBtree.java:1084)
	at org.jetbrains.kotlin.com.intellij.util.io.IntToIntBtree.processLeafPages(IntToIntBtree.java:1084)
	at org.jetbrains.kotlin.com.intellij.util.io.IntToIntBtree.processLeafPages(IntToIntBtree.java:1084)
	at org.jetbrains.kotlin.com.intellij.util.io.IntToIntBtree.processLeafPages(IntToIntBtree.java:1084)
	at org.jetbrains.kotlin.com.intellij.util.io.IntToIntBtree.processLeafPages(IntToIntBtree.java:1084)
	at org.jetbrains.kotlin.com.intellij.util.io.IntToIntBtree.processLeafPages(IntToIntBtree.java:1084)
	at org.jetbrains.kotlin.com.intellij.util.io.IntToIntBtree.processLeafPages(IntToIntBtree.java:1084)
	at org.jetbrains.kotlin.com.intellij.util.io.IntToIntBtree.processLeafPages(IntToIntBtree.java:1084)
	at org.jetbrains.kotlin.com.intellij.util.io.IntToIntBtree.processLeafPages(IntToIntBtree.java:1084)
	at org.jetbrains.kotlin.com.intellij.util.io.IntToIntBtree.processLeafPages(IntToIntBtree.java:1084)
	at org.jetbrains.kotlin.com.intellij.util.io.IntToIntBtree.processLeafPages(IntToIntBtree.java:1084)
	at org.jetbrains.kotlin.com.intellij.util.io.IntToIntBtree.processLeafPages(IntToIntBtree.java:1084)
	at org.jetbrains.kotlin.com.intellij.util.io.IntToIntBtree.processLeafPages(IntToIntBtree.java:1084)
	at org.jetbrains.kotlin.com.intellij.util.io.IntToIntBtree.processLeafPages(IntToIntBtree.java:1084)
	at org.jetbrains.kotlin.com.intellij.util.io.IntToIntBtree.processLeafPages(IntToIntBtree.java:1084)
	at org.jetbrains.kotlin.com.intellij.util.io.IntToIntBtree.processLeafPages(IntToIntBtree.java:1084)
	at org.jetbrains.kotlin.com.intellij.util.io.IntToIntBtree.processLeafPages(IntToIntBtree.java:1084)
	at org.jetbrains.kotlin.com.intellij.util.io.IntToIntBtree.processLeafPages(IntToIntBtree.java:1084)
	at org.jetbrains.kotlin.com.intellij.util.io.IntToIntBtree.processLeafPages(IntToIntBtree.java:1084)
	at org.jetbrains.kotlin.com.intellij.util.io.IntToIntBtree.processLeafPages(IntToIntBtree.java:1084)
	at org.jetbrains.kotlin.com.intellij.util.io.IntToIntBtree.processLeafPages(IntToIntBtree.java:1084)
	at org.jetbrains.kotlin.com.intellij.util.io.IntToIntBtree.processLeafPages(IntToIntBtree.java:1084)
	at org.jetbrains.kotlin.com.intellij.util.io.IntToIntBtree.processLeafPages(IntToIntBtree.java:1084)
	at org.jetbrains.kotlin.com.intellij.util.io.IntToIntBtree.processLeafPages(IntToIntBtree.java:1084)
	at org.jetbrains.kotlin.com.intellij.util.io.IntToIntBtree.processLeafPages(IntToIntBtree.java:1084)
	at org.jetbrains.kotlin.com.intellij.util.io.IntToIntBtree.processLeafPages(IntToIntBtree.java:1084)
	at org.jetbrains.kotlin.com.intellij.util.io.IntToIntBtree.processLeafPages(IntToIntBtree.java:1084)
	at org.jetbrains.kotlin.com.intellij.util.io.IntToIntBtree.processLeafPages(IntToIntBtree.java:1084)
	at org.jetbrains.kotlin.com.intellij.util.io.IntToIntBtree.processLeafPages(IntToIntBtree.java:1084)
	at org.jetbrains.kotlin.com.intellij.util.io.IntToIntBtree.processLeafPages(IntToIntBtree.java:1084)
	at org.jetbrains.kotlin.com.intellij.util.io.IntToIntBtree.processLeafPages(IntToIntBtree.java:1084)
	at org.jetbrains.kotlin.com.intellij.util.io.IntToIntBtree.processLeafPages(IntToIntBtree.java:1084)
	at org.jetbrains.kotlin.com.intellij.util.io.IntToIntBtree.processLeafPages(IntToIntBtree.java:1084)
	at org.jetbrains.kotlin.com.intellij.util.io.IntToIntBtree.processLeafPages(IntToIntBtree.java:1084)
	at org.jetbrains.kotlin.com.intellij.util.io.IntToIntBtree.processLeafPages(IntToIntBtree.java:1084)
	at org.jetbrains.kotlin.com.intellij.util.io.IntToIntBtree.processLeafPages(IntToIntBtree.java:1084)
	at org.jetbrains.kotlin.com.intellij.util.io.IntToIntBtree.processLeafPages(IntToIntBtree.java:1084)
	at org.jetbrains.kotlin.com.intellij.util.io.IntToIntBtree.processLeafPages(IntToIntBtree.java:1084)
	at org.jetbrains.kotlin.com.intellij.util.io.IntToIntBtree.processLeafPages(IntToIntBtree.java:1084)
	at org.jetbrains.kotlin.com.intellij.util.io.IntToIntBtree.processLeafPages(IntToIntBtree.java:1084)
	at org.jetbrains.kotlin.com.intellij.util.io.IntToIntBtree.processLeafPages(IntToIntBtree.java:1084)
	at org.jetbrains.kotlin.com.intellij.util.io.IntToIntBtree.processLeafPages(IntToIntBtree.java:1084)
	at org.jetbrains.kotlin.com.intellij.util.io.IntToIntBtree.processLeafPages(IntToIntBtree.java:1084)
	at org.jetbrains.kotlin.com.intellij.util.io.IntToIntBtree.processLeafPages(IntToIntBtree.java:1084)
	at org.jetbrains.kotlin.com.intellij.util.io.IntToIntBtree.processLeafPages(IntToIntBtree.java:1084)
	at org.jetbrains.kotlin.com.intellij.util.io.IntToIntBtree.processLeafPages(IntToIntBtree.java:1084)
	at org.jetbrains.kotlin.com.intellij.util.io.IntToIntBtree.processLeafPages(IntToIntBtree.java:1084)
	at org.jetbrains.kotlin.com.intellij.util.io.IntToIntBtree.processLeafPages(IntToIntBtree.java:1084)
	at org.jetbrains.kotlin.com.intellij.util.io.IntToIntBtree.processLeafPages(IntToIntBtree.java:1084)
	at org.jetbrains.kotlin.com.intellij.util.io.IntToIntBtree.processLeafPages(IntToIntBtree.java:1084)
	at org.jetbrains.kotlin.com.intellij.util.io.IntToIntBtree.processLeafPages(IntToIntBtree.java:1084)
	at org.jetbrains.kotlin.com.intellij.util.io.IntToIntBtree.processLeafPages(IntToIntBtree.java:1084)
	at org.jetbrains.kotlin.com.intellij.util.io.IntToIntBtree.processLeafPages(IntToIntBtree.java:1084)
	at org.jetbrains.kotlin.com.intellij.util.io.IntToIntBtree.processLeafPages(IntToIntBtree.java:1084)
	at org.jetbrains.kotlin.com.intellij.util.io.IntToIntBtree.processLeafPages(IntToIntBtree.java:1084)
	at org.jetbrains.kotlin.com.intellij.util.io.IntToIntBtree.processLeafPages(IntToIntBtree.java:1084)
	at org.jetbrains.kotlin.com.intellij.util.io.IntToIntBtree.processLeafPages(IntToIntBtree.java:1084)
	at org.jetbrains.kotlin.com.intellij.util.io.IntToIntBtree.processLeafPages(IntToIntBtree.java:1084)
	at org.jetbrains.kotlin.com.intellij.util.io.IntToIntBtree.processLeafPages(IntToIntBtree.java:1084)
	at org.jetbrains.kotlin.com.intellij.util.io.IntToIntBtree.processLeafPages(IntToIntBtree.java:1084)
	at org.jetbrains.kotlin.com.intellij.util.io.IntToIntBtree.processLeafPages(IntToIntBtree.java:1084)
	at org.jetbrains.kotlin.com.intellij.util.io.IntToIntBtree.processLeafPages(IntToIntBtree.java:1084)
	at org.jetbrains.kotlin.com.intellij.util.io.IntToIntBtree.processLeafPages(IntToIntBtree.java:1084)
	at org.jetbrains.kotlin.com.intellij.util.io.IntToIntBtree.processLeafPages(IntToIntBtree.java:1084)
	at org.jetbrains.kotlin.com.intellij.util.io.IntToIntBtree.processLeafPages(IntToIntBtree.java:1084)
	at org.jetbrains.kotlin.com.intellij.util.io.IntToIntBtree.processLeafPages(IntToIntBtree.java:1084)
	at org.jetbrains.kotlin.com.intellij.util.io.IntToIntBtree.processLeafPages(IntToIntBtree.java:1084)
	at org.jetbrains.kotlin.com.intellij.util.io.IntToIntBtree.processLeafPages(IntToIntBtree.java:1084)
	at org.jetbrains.kotlin.com.intellij.util.io.IntToIntBtree.processLeafPages(IntToIntBtree.java:1084)
	at org.jetbrains.kotlin.com.intellij.util.io.IntToIntBtree.processLeafPages(IntToIntBtree.java:1084)
	at org.jetbrains.kotlin.com.intellij.util.io.IntToIntBtree.processLeafPages(IntToIntBtree.java:1084)
	at org.jetbrains.kotlin.com.intellij.util.io.IntToIntBtree.processLeafPages(IntToIntBtree.java:1084)
	at org.jetbrains.kotlin.com.intellij.util.io.IntToIntBtree.processLeafPages(IntToIntBtree.java:1084)
	at org.jetbrains.kotlin.com.intellij.util.io.IntToIntBtree.processLeafPages(IntToIntBtree.java:1084)
	at org.jetbrains.kotlin.com.intellij.util.io.IntToIntBtree.processLeafPages(IntToIntBtree.java:1084)
	at org.jetbrains.kotlin.com.intellij.util.io.IntToIntBtree.processLeafPages(IntToIntBtree.java:1084)
	at org.jetbrains.kotlin.com.intellij.util.io.IntToIntBtree.processLeafPages(IntToIntBtree.java:1084)
	at org.jetbrains.kotlin.com.intellij.util.io.IntToIntBtree.processLeafPages(IntToIntBtree.java:1084)
	at org.jetbrains.kotlin.com.intellij.util.io.IntToIntBtree.processLeafPages(IntToIntBtree.java:1084)
	at org.jetbrains.kotlin.com.intellij.util.io.IntToIntBtree.processLeafPages(IntToIntBtree.java:1084)
	at org.jetbrains.kotlin.com.intellij.util.io.IntToIntBtree.processLeafPages(IntToIntBtree.java:1084)
	at org.jetbrains.kotlin.com.intellij.util.io.IntToIntBtree.processLeafPages(IntToIntBtree.java:1084)
	at org.jetbrains.kotlin.com.intellij.util.io.IntToIntBtree.processLeafPages(IntToIntBtree.java:1084)
	at org.jetbrains.kotlin.com.intellij.util.io.IntToIntBtree.processLeafPages(IntToIntBtree.java:1084)
	at org.jetbrains.kotlin.com.intellij.util.io.IntToIntBtree.processLeafPages(IntToIntBtree.java:1084)
	at org.jetbrains.kotlin.com.intellij.util.io.IntToIntBtree.processLeafPages(IntToIntBtree.java:1084)
	at org.jetbrains.kotlin.com.intellij.util.io.IntToIntBtree.processLeafPages(IntToIntBtree.java:1084)
	at org.jetbrains.kotlin.com.intellij.util.io.IntToIntBtree.processLeafPages(IntToIntBtree.java:1084)
	at org.jetbrains.kotlin.com.intellij.util.io.IntToIntBtree.processLeafPages(IntToIntBtree.java:1084)
	at org.jetbrains.kotlin.com.intellij.util.io.IntToIntBtree.processLeafPages(IntToIntBtree.java:1084)
	at org.jetbrains.kotlin.com.intellij.util.io.IntToIntBtree.processLeafPages(IntToIntBtree.java:1084)
	at org.jetbrains.kotlin.com.intellij.util.io.IntToIntBtree.processLeafPages(IntToIntBtree.java:1084)
	at org.jetbrains.kotlin.com.intellij.util.io.IntToIntBtree.processLeafPages(IntToIntBtree.java:1084)
	at org.jetbrains.kotlin.com.intellij.util.io.IntToIntBtree.processLeafPages(IntToIntBtree.java:1084)
	at org.jetbrains.kotlin.com.intellij.util.io.IntToIntBtree.processLeafPages(IntToIntBtree.java:1084)
	at org.jetbrains.kotlin.com.intellij.util.io.IntToIntBtree.processLeafPages(IntToIntBtree.java:1084)
	at org.jetbrains.kotlin.com.intellij.util.io.IntToIntBtree.processLeafPages(IntToIntBtree.java:1084)
	at org.jetbrains.kotlin.com.intellij.util.io.IntToIntBtree.processLeafPages(IntToIntBtree.java:1084)
	at org.jetbrains.kotlin.com.intellij.util.io.IntToIntBtree.processLeafPages(IntToIntBtree.java:1084)
	at org.jetbrains.kotlin.com.intellij.util.io.IntToIntBtree.processLeafPages(IntToIntBtree.java:1084)
	at org.jetbrains.kotlin.com.intellij.util.io.IntToIntBtree.processLeafPages(IntToIntBtree.java:1084)
	at org.jetbrains.kotlin.com.intellij.util.io.IntToIntBtree.processLeafPages(IntToIntBtree.java:1084)
	at org.jetbrains.kotlin.com.intellij.util.io.IntToIntBtree.processLeafPages(IntToIntBtree.java:1084)
	at org.jetbrains.kotlin.com.intellij.util.io.IntToIntBtree.processLeafPages(IntToIntBtree.java:1084)
	at org.jetbrains.kotlin.com.intellij.util.io.IntToIntBtree.processLeafPages(IntToIntBtree.java:1084)
	at org.jetbrains.kotlin.com.intellij.util.io.IntToIntBtree.processLeafPages(IntToIntBtree.java:1084)
	at org.jetbrains.kotlin.com.intellij.util.io.IntToIntBtree.processLeafPages(IntToIntBtree.java:1084)
	at org.jetbrains.kotlin.com.intellij.util.io.IntToIntBtree.processLeafPages(IntToIntBtree.java:1084)
	at org.jetbrains.kotlin.com.intellij.util.io.IntToIntBtree.processLeafPages(IntToIntBtree.java:1084)
	at org.jetbrains.kotlin.com.intellij.util.io.IntToIntBtree.processLeafPages(IntToIntBtree.java:1084)
	at org.jetbrains.kotlin.com.intellij.util.io.IntToIntBtree.processLeafPages(IntToIntBtree.java:1084)
	at org.jetbrains.kotlin.com.intellij.util.io.IntToIntBtree.processLeafPages(IntToIntBtree.java:1084)
	at org.jetbrains.kotlin.com.intellij.util.io.IntToIntBtree.processLeafPages(IntToIntBtree.java:1084)
	at org.jetbrains.kotlin.com.intellij.util.io.IntToIntBtree.processLeafPages(IntToIntBtree.java:1084)
	at org.jetbrains.kotlin.com.intellij.util.io.IntToIntBtree.processLeafPages(IntToIntBtree.java:1084)
	at org.jetbrains.kotlin.com.intellij.util.io.IntToIntBtree.processLeafPages(IntToIntBtree.java:1084)
	at org.jetbrains.kotlin.com.intellij.util.io.IntToIntBtree.processLeafPages(IntToIntBtree.java:1084)
	at org.jetbrains.kotlin.com.intellij.util.io.IntToIntBtree.processLeafPages(IntToIntBtree.java:1084)
	at org.jetbrains.kotlin.com.intellij.util.io.IntToIntBtree.processLeafPages(IntToIntBtree.java:1084)
	at org.jetbrains.kotlin.com.intellij.util.io.IntToIntBtree.processLeafPages(IntToIntBtree.java:1084)
	at org.jetbrains.kotlin.com.intellij.util.io.IntToIntBtree.processLeafPages(IntToIntBtree.java:1084)
	at org.jetbrains.kotlin.com.intellij.util.io.IntToIntBtree.processLeafPages(IntToIntBtree.java:1084)
	at org.jetbrains.kotlin.com.intellij.util.io.IntToIntBtree.processLeafPages(IntToIntBtree.java:1084)
	at org.jetbrains.kotlin.com.intellij.util.io.IntToIntBtree.processLeafPages(IntToIntBtree.java:1084)
	at org.jetbrains.kotlin.com.intellij.util.io.IntToIntBtree.processLeafPages(IntToIntBtree.java:1084)
	at org.jetbrains.kotlin.com.intellij.util.io.IntToIntBtree.processLeafPages(IntToIntBtree.java:1084)
	at org.jetbrains.kotlin.com.intellij.util.io.IntToIntBtree.processLeafPages(IntToIntBtree.java:1084)
	at org.jetbrains.kotlin.com.intellij.util.io.IntToIntBtree.processLeafPages(IntToIntBtree.java:1084)
	at org.jetbrains.kotlin.com.intellij.util.io.IntToIntBtree.processLeafPages(IntToIntBtree.java:1084)
	at org.jetbrains.kotlin.com.intellij.util.io.IntToIntBtree.processLeafPages(IntToIntBtree.java:1084)
	at org.jetbrains.kotlin.com.intellij.util.io.IntToIntBtree.processLeafPages(IntToIntBtree.java:1084)
	at org.jetbrains.kotlin.com.intellij.util.io.IntToIntBtree.processLeafPages(IntToIntBtree.java:1084)
	at org.jetbrains.kotlin.com.intellij.util.io.IntToIntBtree.processLeafPages(IntToIntBtree.java:1084)
	at org.jetbrains.kotlin.com.intellij.util.io.IntToIntBtree.processLeafPages(IntToIntBtree.java:1084)
	at org.jetbrains.kotlin.com.intellij.util.io.IntToIntBtree.processLeafPages(IntToIntBtree.java:1084)
	at org.jetbrains.kotlin.com.intellij.util.io.IntToIntBtree.processLeafPages(IntToIntBtree.java:1084)
	at org.jetbrains.kotlin.com.intellij.util.io.IntToIntBtree.processLeafPages(IntToIntBtree.java:1084)
	at org.jetbrains.kotlin.com.intellij.util.io.IntToIntBtree.processLeafPages(IntToIntBtree.java:1084)
	at org.jetbrains.kotlin.com.intellij.util.io.IntToIntBtree.processLeafPages(IntToIntBtree.java:1084)
	at org.jetbrains.kotlin.com.intellij.util.io.IntToIntBtree.processLeafPages(IntToIntBtree.java:1084)
	at org.jetbrains.kotlin.com.intellij.util.io.IntToIntBtree.processLeafPages(IntToIntBtree.java:1084)
	at org.jetbrains.kotlin.com.intellij.util.io.IntToIntBtree.processLeafPages(IntToIntBtree.java:1084)
	at org.jetbrains.kotlin.com.intellij.util.io.IntToIntBtree.processLeafPages(IntToIntBtree.java:1084)
	at org.jetbrains.kotlin.com.intellij.util.io.IntToIntBtree.processLeafPages(IntToIntBtree.java:1084)
	at org.jetbrains.kotlin.com.intellij.util.io.IntToIntBtree.processLeafPages(IntToIntBtree.java:1084)
	at org.jetbrains.kotlin.com.intellij.util.io.IntToIntBtree.processLeafPages(IntToIntBtree.java:1084)
	at org.jetbrains.kotlin.com.intellij.util.io.IntToIntBtree.processLeafPages(IntToIntBtree.java:1084)
	at org.jetbrains.kotlin.com.intellij.util.io.IntToIntBtree.processLeafPages(IntToIntBtree.java:1084)
	at org.jetbrains.kotlin.com.intellij.util.io.IntToIntBtree.processLeafPages(IntToIntBtree.java:1084)
	at org.jetbrains.kotlin.com.intellij.util.io.IntToIntBtree.processLeafPages(IntToIntBtree.java:1084)
	at org.jetbrains.kotlin.com.intellij.util.io.IntToIntBtree.processLeafPages(IntToIntBtree.java:1084)
	at org.jetbrains.kotlin.com.intellij.util.io.IntToIntBtree.processLeafPages(IntToIntBtree.java:1084)
	at org.jetbrains.kotlin.com.intellij.util.io.IntToIntBtree.processLeafPages(IntToIntBtree.java:1084)
	at org.jetbrains.kotlin.com.intellij.util.io.IntToIntBtree.processLeafPages(IntToIntBtree.java:1084)
	at org.jetbrains.kotlin.com.intellij.util.io.IntToIntBtree.processLeafPages(IntToIntBtree.java:1084)
	at org.jetbrains.kotlin.com.intellij.util.io.IntToIntBtree.processLeafPages(IntToIntBtree.java:1084)
	at org.jetbrains.kotlin.com.intellij.util.io.IntToIntBtree.processLeafPages(IntToIntBtree.java:1084)
	at org.jetbrains.kotlin.com.intellij.util.io.IntToIntBtree.processLeafPages(IntToIntBtree.java:1084)
	at org.jetbrains.kotlin.com.intellij.util.io.IntToIntBtree.processLeafPages(IntToIntBtree.java:1084)
	at org.jetbrains.kotlin.com.intellij.util.io.IntToIntBtree.processLeafPages(IntToIntBtree.java:1084)
	at org.jetbrains.kotlin.com.intellij.util.io.IntToIntBtree.processLeafPages(IntToIntBtree.java:1084)
	at org.jetbrains.kotlin.com.intellij.util.io.IntToIntBtree.processLeafPages(IntToIntBtree.java:1084)
	at org.jetbrains.kotlin.com.intellij.util.io.IntToIntBtree.processLeafPages(IntToIntBtree.java:1084)
	at org.jetbrains.kotlin.com.intellij.util.io.IntToIntBtree.processLeafPages(IntToIntBtree.java:1084)
	at org.jetbrains.kotlin.com.intellij.util.io.IntToIntBtree.processLeafPages(IntToIntBtree.java:1084)
	at org.jetbrains.kotlin.com.intellij.util.io.IntToIntBtree.processLeafPages(IntToIntBtree.java:1084)
	at org.jetbrains.kotlin.com.intellij.util.io.IntToIntBtree.processLeafPages(IntToIntBtree.java:1084)
	at org.jetbrains.kotlin.com.intellij.util.io.IntToIntBtree.processLeafPages(IntToIntBtree.java:1084)
	at org.jetbrains.kotlin.com.intellij.util.io.IntToIntBtree.processLeafPages(IntToIntBtree.java:1084)
	at org.jetbrains.kotlin.com.intellij.util.io.IntToIntBtree.processLeafPages(IntToIntBtree.java:1084)
	at org.jetbrains.kotlin.com.intellij.util.io.IntToIntBtree.processLeafPages(IntToIntBtree.java:1084)
	at org.jetbrains.kotlin.com.intellij.util.io.IntToIntBtree.processLeafPages(IntToIntBtree.java:1084)
	at org.jetbrains.kotlin.com.intellij.util.io.IntToIntBtree.processLeafPages(IntToIntBtree.java:1084)
	at org.jetbrains.kotlin.com.intellij.util.io.IntToIntBtree.processLeafPages(IntToIntBtree.java:1084)
	at org.jetbrains.kotlin.com.intellij.util.io.IntToIntBtree.processLeafPages(IntToIntBtree.java:1084)
	at org.jetbrains.kotlin.com.intellij.util.io.IntToIntBtree.processLeafPages(IntToIntBtree.java:1084)
	at org.jetbrains.kotlin.com.intellij.util.io.IntToIntBtree.processLeafPages(IntToIntBtree.java:1084)
	at org.jetbrains.kotlin.com.intellij.util.io.IntToIntBtree.processLeafPages(IntToIntBtree.java:1084)
	at org.jetbrains.kotlin.com.intellij.util.io.IntToIntBtree.processLeafPages(IntToIntBtree.java:1084)
	at org.jetbrains.kotlin.com.intellij.util.io.IntToIntBtree.processLeafPages(IntToIntBtree.java:1084)
	at org.jetbrains.kotlin.com.intellij.util.io.IntToIntBtree.processLeafPages(IntToIntBtree.java:1084)
	at org.jetbrains.kotlin.com.intellij.util.io.IntToIntBtree.processLeafPages(IntToIntBtree.java:1084)
	at org.jetbrains.kotlin.com.intellij.util.io.IntToIntBtree.processLeafPages(IntToIntBtree.java:1084)
	at org.jetbrains.kotlin.com.intellij.util.io.IntToIntBtree.processLeafPages(IntToIntBtree.java:1084)
	at org.jetbrains.kotlin.com.intellij.util.io.IntToIntBtree.processLeafPages(IntToIntBtree.java:1084)
	at org.jetbrains.kotlin.com.intellij.util.io.IntToIntBtree.processLeafPages(IntToIntBtree.java:1084)
	at org.jetbrains.kotlin.com.intellij.util.io.IntToIntBtree.processLeafPages(IntToIntBtree.java:1084)
	at org.jetbrains.kotlin.com.intellij.util.io.IntToIntBtree.processLeafPages(IntToIntBtree.java:1084)
	at org.jetbrains.kotlin.com.intellij.util.io.IntToIntBtree.processLeafPages(IntToIntBtree.java:1084)
	at org.jetbrains.kotlin.com.intellij.util.io.IntToIntBtree.processLeafPages(IntToIntBtree.java:1084)
	at org.jetbrains.kotlin.com.intellij.util.io.IntToIntBtree.processLeafPages(IntToIntBtree.java:1084)
	at org.jetbrains.kotlin.com.intellij.util.io.IntToIntBtree.processLeafPages(IntToIntBtree.java:1084)
	at org.jetbrains.kotlin.com.intellij.util.io.IntToIntBtree.processLeafPages(IntToIntBtree.java:1084)
	at org.jetbrains.kotlin.com.intellij.util.io.IntToIntBtree.processLeafPages(IntToIntBtree.java:1084)
	at org.jetbrains.kotlin.com.intellij.util.io.IntToIntBtree.processLeafPages(IntToIntBtree.java:1084)
	at org.jetbrains.kotlin.com.intellij.util.io.IntToIntBtree.processLeafPages(IntToIntBtree.java:1084)
	at org.jetbrains.kotlin.com.intellij.util.io.IntToIntBtree.processLeafPages(IntToIntBtree.java:1084)
	at org.jetbrains.kotlin.com.intellij.util.io.IntToIntBtree.processLeafPages(IntToIntBtree.java:1084)
	at org.jetbrains.kotlin.com.intellij.util.io.IntToIntBtree.processLeafPages(IntToIntBtree.java:1084)
	at org.jetbrains.kotlin.com.intellij.util.io.IntToIntBtree.processLeafPages(IntToIntBtree.java:1084)
	at org.jetbrains.kotlin.com.intellij.util.io.IntToIntBtree.processLeafPages(IntToIntBtree.java:1084)
	at org.jetbrains.kotlin.com.intellij.util.io.IntToIntBtree.processLeafPages(IntToIntBtree.java:1084)
	at org.jetbrains.kotlin.com.intellij.util.io.IntToIntBtree.processLeafPages(IntToIntBtree.java:1084)
	at org.jetbrains.kotlin.com.intellij.util.io.IntToIntBtree.processLeafPages(IntToIntBtree.java:1084)
	at org.jetbrains.kotlin.com.intellij.util.io.IntToIntBtree.processLeafPages(IntToIntBtree.java:1084)
	at org.jetbrains.kotlin.com.intellij.util.io.IntToIntBtree.processLeafPages(IntToIntBtree.java:1084)
	at org.jetbrains.kotlin.com.intellij.util.io.IntToIntBtree.processLeafPages(IntToIntBtree.java:1084)
	at org.jetbrains.kotlin.com.intellij.util.io.IntToIntBtree.processLeafPages(IntToIntBtree.java:1084)
	at org.jetbrains.kotlin.com.intellij.util.io.IntToIntBtree.processLeafPages(IntToIntBtree.java:1084)
	at org.jetbrains.kotlin.com.intellij.util.io.IntToIntBtree.processLeafPages(IntToIntBtree.java:1084)
	at org.jetbrains.kotlin.com.intellij.util.io.IntToIntBtree.processLeafPages(IntToIntBtree.java:1084)
	at org.jetbrains.kotlin.com.intellij.util.io.IntToIntBtree.processLeafPages(IntToIntBtree.java:1084)
	at org.jetbrains.kotlin.com.intellij.util.io.IntToIntBtree.processLeafPages(IntToIntBtree.java:1084)
	at org.jetbrains.kotlin.com.intellij.util.io.IntToIntBtree.processLeafPages(IntToIntBtree.java:1084)
	at org.jetbrains.kotlin.com.intellij.util.io.IntToIntBtree.processLeafPages(IntToIntBtree.java:1084)
	at org.jetbrains.kotlin.com.intellij.util.io.IntToIntBtree.processLeafPages(IntToIntBtree.java:1084)
	at org.jetbrains.kotlin.com.intellij.util.io.IntToIntBtree.processLeafPages(IntToIntBtree.java:1084)
	at org.jetbrains.kotlin.com.intellij.util.io.IntToIntBtree.processLeafPages(IntToIntBtree.java:1084)
	at org.jetbrains.kotlin.com.intellij.util.io.IntToIntBtree.processLeafPages(IntToIntBtree.java:1084)
	at org.jetbrains.kotlin.com.intellij.util.io.IntToIntBtree.processLeafPages(IntToIntBtree.java:1084)
	at org.jetbrains.kotlin.com.intellij.util.io.IntToIntBtree.processLeafPages(IntToIntBtree.java:1084)
	at org.jetbrains.kotlin.com.intellij.util.io.IntToIntBtree.processLeafPages(IntToIntBtree.java:1084)
	at org.jetbrains.kotlin.com.intellij.util.io.IntToIntBtree.processLeafPages(IntToIntBtree.java:1084)
	at org.jetbrains.kotlin.com.intellij.util.io.IntToIntBtree.processLeafPages(IntToIntBtree.java:1084)
	at org.jetbrains.kotlin.com.intellij.util.io.IntToIntBtree.processLeafPages(IntToIntBtree.java:1084)
	at org.jetbrains.kotlin.com.intellij.util.io.IntToIntBtree.processLeafPages(IntToIntBtree.java:1084)
	at org.jetbrains.kotlin.com.intellij.util.io.IntToIntBtree.processLeafPages(IntToIntBtree.java:1084)
	at org.jetbrains.kotlin.com.intellij.util.io.IntToIntBtree.processLeafPages(IntToIntBtree.java:1084)
	at org.jetbrains.kotlin.com.intellij.util.io.IntToIntBtree.processLeafPages(IntToIntBtree.java:1084)
	at org.jetbrains.kotlin.com.intellij.util.io.IntToIntBtree.processLeafPages(IntToIntBtree.java:1084)
	at org.jetbrains.kotlin.com.intellij.util.io.IntToIntBtree.processLeafPages(IntToIntBtree.java:1084)
	at org.jetbrains.kotlin.com.intellij.util.io.IntToIntBtree.processLeafPages(IntToIntBtree.java:1084)
	at org.jetbrains.kotlin.com.intellij.util.io.IntToIntBtree.processLeafPages(IntToIntBtree.java:1084)
	at org.jetbrains.kotlin.com.intellij.util.io.IntToIntBtree.processLeafPages(IntToIntBtree.java:1084)
	at org.jetbrains.kotlin.com.intellij.util.io.IntToIntBtree.processLeafPages(IntToIntBtree.java:1084)
	at org.jetbrains.kotlin.com.intellij.util.io.IntToIntBtree.processLeafPages(IntToIntBtree.java:1084)
	at org.jetbrains.kotlin.com.intellij.util.io.IntToIntBtree.processLeafPages(IntToIntBtree.java:1084)
	at org.jetbrains.kotlin.com.intellij.util.io.IntToIntBtree.processLeafPages(IntToIntBtree.java:1084)
	at org.jetbrains.kotlin.com.intellij.util.io.IntToIntBtree.processLeafPages(IntToIntBtree.java:1084)
	at org.jetbrains.kotlin.com.intellij.util.io.IntToIntBtree.processLeafPages(IntToIntBtree.java:1084)
	at org.jetbrains.kotlin.com.intellij.util.io.IntToIntBtree.processLeafPages(IntToIntBtree.java:1084)
	at org.jetbrains.kotlin.com.intellij.util.io.IntToIntBtree.processLeafPages(IntToIntBtree.java:1084)
	at org.jetbrains.kotlin.com.intellij.util.io.IntToIntBtree.processLeafPages(IntToIntBtree.java:1084)
	at org.jetbrains.kotlin.com.intellij.util.io.IntToIntBtree.processLeafPages(IntToIntBtree.java:1084)
	at org.jetbrains.kotlin.com.intellij.util.io.IntToIntBtree.processLeafPages(IntToIntBtree.java:1084)
	at org.jetbrains.kotlin.com.intellij.util.io.IntToIntBtree.processLeafPages(IntToIntBtree.java:1084)
	at org.jetbrains.kotlin.com.intellij.util.io.IntToIntBtree.processLeafPages(IntToIntBtree.java:1084)
	at org.jetbrains.kotlin.com.intellij.util.io.IntToIntBtree.processLeafPages(IntToIntBtree.java:1084)
	at org.jetbrains.kotlin.com.intellij.util.io.IntToIntBtree.processLeafPages(IntToIntBtree.java:1084)
	at org.jetbrains.kotlin.com.intellij.util.io.IntToIntBtree.processLeafPages(IntToIntBtree.java:1084)
	at org.jetbrains.kotlin.com.intellij.util.io.IntToIntBtree.processLeafPages(IntToIntBtree.java:1084)
	at org.jetbrains.kotlin.com.intellij.util.io.IntToIntBtree.processLeafPages(IntToIntBtree.java:1084)
	at org.jetbrains.kotlin.com.intellij.util.io.IntToIntBtree.processLeafPages(IntToIntBtree.java:1084)
	at org.jetbrains.kotlin.com.intellij.util.io.IntToIntBtree.processLeafPages(IntToIntBtree.java:1084)
	at org.jetbrains.kotlin.com.intellij.util.io.IntToIntBtree.processLeafPages(IntToIntBtree.java:1084)
	at org.jetbrains.kotlin.com.intellij.util.io.IntToIntBtree.processLeafPages(IntToIntBtree.java:1084)
	at org.jetbrains.kotlin.com.intellij.util.io.IntToIntBtree.processLeafPages(IntToIntBtree.java:1084)
	at org.jetbrains.kotlin.com.intellij.util.io.IntToIntBtree.processLeafPages(IntToIntBtree.java:1084)
	at org.jetbrains.kotlin.com.intellij.util.io.IntToIntBtree.processLeafPages(IntToIntBtree.java:1084)
	at org.jetbrains.kotlin.com.intellij.util.io.IntToIntBtree.processLeafPages(IntToIntBtree.java:1084)
	at org.jetbrains.kotlin.com.intellij.util.io.IntToIntBtree.processLeafPages(IntToIntBtree.java:1084)
	at org.jetbrains.kotlin.com.intellij.util.io.IntToIntBtree.processLeafPages(IntToIntBtree.java:1084)
	at org.jetbrains.kotlin.com.intellij.util.io.IntToIntBtree.processLeafPages(IntToIntBtree.java:1084)
	at org.jetbrains.kotlin.com.intellij.util.io.IntToIntBtree.processLeafPages(IntToIntBtree.java:1084)
	at org.jetbrains.kotlin.com.intellij.util.io.IntToIntBtree.processLeafPages(IntToIntBtree.java:1084)
	at org.jetbrains.kotlin.com.intellij.util.io.IntToIntBtree.processLeafPages(IntToIntBtree.java:1084)
	at org.jetbrains.kotlin.com.intellij.util.io.IntToIntBtree.processLeafPages(IntToIntBtree.java:1084)
	at org.jetbrains.kotlin.com.intellij.util.io.IntToIntBtree.processLeafPages(IntToIntBtree.java:1084)
	at org.jetbrains.kotlin.com.intellij.util.io.IntToIntBtree.processLeafPages(IntToIntBtree.java:1084)
	at org.jetbrains.kotlin.com.intellij.util.io.IntToIntBtree.processLeafPages(IntToIntBtree.java:1084)
	at org.jetbrains.kotlin.com.intellij.util.io.IntToIntBtree.processLeafPages(IntToIntBtree.java:1084)
	at org.jetbrains.kotlin.com.intellij.util.io.IntToIntBtree.processLeafPages(IntToIntBtree.java:1084)
	at org.jetbrains.kotlin.com.intellij.util.io.IntToIntBtree.processLeafPages(IntToIntBtree.java:1084)
	at org.jetbrains.kotlin.com.intellij.util.io.IntToIntBtree.processLeafPages(IntToIntBtree.java:1084)
	at org.jetbrains.kotlin.com.intellij.util.io.IntToIntBtree.processLeafPages(IntToIntBtree.java:1084)
	at org.jetbrains.kotlin.com.intellij.util.io.IntToIntBtree.processLeafPages(IntToIntBtree.java:1084)
	at org.jetbrains.kotlin.com.intellij.util.io.IntToIntBtree.processLeafPages(IntToIntBtree.java:1084)
	at org.jetbrains.kotlin.com.intellij.util.io.IntToIntBtree.processLeafPages(IntToIntBtree.java:1084)
	at org.jetbrains.kotlin.com.intellij.util.io.IntToIntBtree.processLeafPages(IntToIntBtree.java:1084)
	at org.jetbrains.kotlin.com.intellij.util.io.IntToIntBtree.processLeafPages(IntToIntBtree.java:1084)
	at org.jetbrains.kotlin.com.intellij.util.io.IntToIntBtree.processLeafPages(IntToIntBtree.java:1084)
	at org.jetbrains.kotlin.com.intellij.util.io.IntToIntBtree.processLeafPages(IntToIntBtree.java:1084)
	at org.jetbrains.kotlin.com.intellij.util.io.IntToIntBtree.processLeafPages(IntToIntBtree.java:1084)
	at org.jetbrains.kotlin.com.intellij.util.io.IntToIntBtree.processLeafPages(IntToIntBtree.java:1084)
	at org.jetbrains.kotlin.com.intellij.util.io.IntToIntBtree.processLeafPages(IntToIntBtree.java:1084)
	at org.jetbrains.kotlin.com.intellij.util.io.IntToIntBtree.processLeafPages(IntToIntBtree.java:1084)
	at org.jetbrains.kotlin.com.intellij.util.io.IntToIntBtree.processLeafPages(IntToIntBtree.java:1084)
	at org.jetbrains.kotlin.com.intellij.util.io.IntToIntBtree.processLeafPages(IntToIntBtree.java:1084)
	at org.jetbrains.kotlin.com.intellij.util.io.IntToIntBtree.processLeafPages(IntToIntBtree.java:1084)
	at org.jetbrains.kotlin.com.intellij.util.io.IntToIntBtree.processLeafPages(IntToIntBtree.java:1084)
	at org.jetbrains.kotlin.com.intellij.util.io.IntToIntBtree.processLeafPages(IntToIntBtree.java:1084)
	at org.jetbrains.kotlin.com.intellij.util.io.IntToIntBtree.processLeafPages(IntToIntBtree.java:1084)
	at org.jetbrains.kotlin.com.intellij.util.io.IntToIntBtree.processLeafPages(IntToIntBtree.java:1084)
	at org.jetbrains.kotlin.com.intellij.util.io.IntToIntBtree.processLeafPages(IntToIntBtree.java:1084)
	at org.jetbrains.kotlin.com.intellij.util.io.IntToIntBtree.processLeafPages(IntToIntBtree.java:1084)
	at org.jetbrains.kotlin.com.intellij.util.io.IntToIntBtree.processLeafPages(IntToIntBtree.java:1084)
	at org.jetbrains.kotlin.com.intellij.util.io.IntToIntBtree.processLeafPages(IntToIntBtree.java:1084)
	at org.jetbrains.kotlin.com.intellij.util.io.IntToIntBtree.processLeafPages(IntToIntBtree.java:1084)
	at org.jetbrains.kotlin.com.intellij.util.io.IntToIntBtree.processLeafPages(IntToIntBtree.java:1084)
	at org.jetbrains.kotlin.com.intellij.util.io.IntToIntBtree.processLeafPages(IntToIntBtree.java:1084)
	at org.jetbrains.kotlin.com.intellij.util.io.IntToIntBtree.processLeafPages(IntToIntBtree.java:1084)
	at org.jetbrains.kotlin.com.intellij.util.io.IntToIntBtree.processLeafPages(IntToIntBtree.java:1084)
	at org.jetbrains.kotlin.com.intellij.util.io.IntToIntBtree.processLeafPages(IntToIntBtree.java:1084)
	at org.jetbrains.kotlin.com.intellij.util.io.IntToIntBtree.processLeafPages(IntToIntBtree.java:1084)
	at org.jetbrains.kotlin.com.intellij.util.io.IntToIntBtree.processLeafPages(IntToIntBtree.java:1084)
	at org.jetbrains.kotlin.com.intellij.util.io.IntToIntBtree.processLeafPages(IntToIntBtree.java:1084)
	at org.jetbrains.kotlin.com.intellij.util.io.IntToIntBtree.processLeafPages(IntToIntBtree.java:1084)
	at org.jetbrains.kotlin.com.intellij.util.io.IntToIntBtree.processLeafPages(IntToIntBtree.java:1084)
	at org.jetbrains.kotlin.com.intellij.util.io.IntToIntBtree.processLeafPages(IntToIntBtree.java:1084)
	at org.jetbrains.kotlin.com.intellij.util.io.IntToIntBtree.processLeafPages(IntToIntBtree.java:1084)
	at org.jetbrains.kotlin.com.intellij.util.io.IntToIntBtree.processLeafPages(IntToIntBtree.java:1084)
	at org.jetbrains.kotlin.com.intellij.util.io.IntToIntBtree.processLeafPages(IntToIntBtree.java:1084)
	at org.jetbrains.kotlin.com.intellij.util.io.IntToIntBtree.processLeafPages(IntToIntBtree.java:1084)
	at org.jetbrains.kotlin.com.intellij.util.io.IntToIntBtree.processLeafPages(IntToIntBtree.java:1084)
	at org.jetbrains.kotlin.com.intellij.util.io.IntToIntBtree.processLeafPages(IntToIntBtree.java:1084)
	at org.jetbrains.kotlin.com.intellij.util.io.IntToIntBtree.processLeafPages(IntToIntBtree.java:1084)
	at org.jetbrains.kotlin.com.intellij.util.io.IntToIntBtree.processLeafPages(IntToIntBtree.java:1084)
	at org.jetbrains.kotlin.com.intellij.util.io.IntToIntBtree.processLeafPages(IntToIntBtree.java:1084)
	at org.jetbrains.kotlin.com.intellij.util.io.IntToIntBtree.processLeafPages(IntToIntBtree.java:1084)
	at org.jetbrains.kotlin.com.intellij.util.io.IntToIntBtree.processLeafPages(IntToIntBtree.java:1084)
	at org.jetbrains.kotlin.com.intellij.util.io.IntToIntBtree.processLeafPages(IntToIntBtree.java:1084)
	at org.jetbrains.kotlin.com.intellij.util.io.IntToIntBtree.processLeafPages(IntToIntBtree.java:1084)
	at org.jetbrains.kotlin.com.intellij.util.io.IntToIntBtree.processLeafPages(IntToIntBtree.java:1084)
	at org.jetbrains.kotlin.com.intellij.util.io.IntToIntBtree.processLeafPages(IntToIntBtree.java:1084)
	at org.jetbrains.kotlin.com.intellij.util.io.IntToIntBtree.processLeafPages(IntToIntBtree.java:1084)
	at org.jetbrains.kotlin.com.intellij.util.io.IntToIntBtree.processLeafPages(IntToIntBtree.java:1084)
	at org.jetbrains.kotlin.com.intellij.util.io.IntToIntBtree.processLeafPages(IntToIntBtree.java:1084)
	at org.jetbrains.kotlin.com.intellij.util.io.IntToIntBtree.processLeafPages(IntToIntBtree.java:1084)
	at org.jetbrains.kotlin.com.intellij.util.io.IntToIntBtree.processLeafPages(IntToIntBtree.java:1084)
	at org.jetbrains.kotlin.com.intellij.util.io.IntToIntBtree.processLeafPages(IntToIntBtree.java:1084)
	at org.jetbrains.kotlin.com.intellij.util.io.IntToIntBtree.processLeafPages(IntToIntBtree.java:1084)
	at org.jetbrains.kotlin.com.intellij.util.io.IntToIntBtree.processLeafPages(IntToIntBtree.java:1084)
	at org.jetbrains.kotlin.com.intellij.util.io.IntToIntBtree.processLeafPages(IntToIntBtree.java:1084)
	at org.jetbrains.kotlin.com.intellij.util.io.IntToIntBtree.processLeafPages(IntToIntBtree.java:1084)
	at org.jetbrains.kotlin.com.intellij.util.io.IntToIntBtree.processLeafPages(IntToIntBtree.java:1084)
	at org.jetbrains.kotlin.com.intellij.util.io.IntToIntBtree.processLeafPages(IntToIntBtree.java:1084)
	at org.jetbrains.kotlin.com.intellij.util.io.IntToIntBtree.processLeafPages(IntToIntBtree.java:1084)
	at org.jetbrains.kotlin.com.intellij.util.io.IntToIntBtree.processLeafPages(IntToIntBtree.java:1084)
	at org.jetbrains.kotlin.com.intellij.util.io.IntToIntBtree.processLeafPages(IntToIntBtree.java:1084)
	at org.jetbrains.kotlin.com.intellij.util.io.IntToIntBtree.processLeafPages(IntToIntBtree.java:1084)
	at org.jetbrains.kotlin.com.intellij.util.io.IntToIntBtree.processLeafPages(IntToIntBtree.java:1084)
	at org.jetbrains.kotlin.com.intellij.util.io.IntToIntBtree.processLeafPages(IntToIntBtree.java:1084)
	at org.jetbrains.kotlin.com.intellij.util.io.IntToIntBtree.processLeafPages(IntToIntBtree.java:1084)
	at org.jetbrains.kotlin.com.intellij.util.io.IntToIntBtree.processLeafPages(IntToIntBtree.java:1084)
	at org.jetbrains.kotlin.com.intellij.util.io.IntToIntBtree.processLeafPages(IntToIntBtree.java:1084)
	at org.jetbrains.kotlin.com.intellij.util.io.IntToIntBtree.processLeafPages(IntToIntBtree.java:1084)
	at org.jetbrains.kotlin.com.intellij.util.io.IntToIntBtree.processLeafPages(IntToIntBtree.java:1084)
	at org.jetbrains.kotlin.com.intellij.util.io.IntToIntBtree.processLeafPages(IntToIntBtree.java:1084)
	at org.jetbrains.kotlin.com.intellij.util.io.IntToIntBtree.processLeafPages(IntToIntBtree.java:1084)
	at org.jetbrains.kotlin.com.intellij.util.io.IntToIntBtree.processLeafPages(IntToIntBtree.java:1084)
	at org.jetbrains.kotlin.com.intellij.util.io.IntToIntBtree.processLeafPages(IntToIntBtree.java:1084)
	at org.jetbrains.kotlin.com.intellij.util.io.IntToIntBtree.processLeafPages(IntToIntBtree.java:1084)
	at org.jetbrains.kotlin.com.intellij.util.io.IntToIntBtree.processLeafPages(IntToIntBtree.java:1084)
	at org.jetbrains.kotlin.com.intellij.util.io.IntToIntBtree.processLeafPages(IntToIntBtree.java:1084)
	at org.jetbrains.kotlin.com.intellij.util.io.IntToIntBtree.processLeafPages(IntToIntBtree.java:1084)
	at org.jetbrains.kotlin.com.intellij.util.io.IntToIntBtree.processLeafPages(IntToIntBtree.java:1084)
	at org.jetbrains.kotlin.com.intellij.util.io.IntToIntBtree.processLeafPages(IntToIntBtree.java:1084)
	at org.jetbrains.kotlin.com.intellij.util.io.IntToIntBtree.processLeafPages(IntToIntBtree.java:1084)
	at org.jetbrains.kotlin.com.intellij.util.io.IntToIntBtree.processLeafPages(IntToIntBtree.java:1084)
	at org.jetbrains.kotlin.com.intellij.util.io.IntToIntBtree.processLeafPages(IntToIntBtree.java:1084)
	at org.jetbrains.kotlin.com.intellij.util.io.IntToIntBtree.processLeafPages(IntToIntBtree.java:1084)
	at org.jetbrains.kotlin.com.intellij.util.io.IntToIntBtree.processLeafPages(IntToIntBtree.java:1084)
	at org.jetbrains.kotlin.com.intellij.util.io.IntToIntBtree.processLeafPages(IntToIntBtree.java:1084)
	at org.jetbrains.kotlin.com.intellij.util.io.IntToIntBtree.processLeafPages(IntToIntBtree.java:1084)
	at org.jetbrains.kotlin.com.intellij.util.io.IntToIntBtree.processLeafPages(IntToIntBtree.java:1084)
	at org.jetbrains.kotlin.com.intellij.util.io.IntToIntBtree.processLeafPages(IntToIntBtree.java:1084)
	at org.jetbrains.kotlin.com.intellij.util.io.IntToIntBtree.processLeafPages(IntToIntBtree.java:1084)
	at org.jetbrains.kotlin.com.intellij.util.io.IntToIntBtree.processLeafPages(IntToIntBtree.java:1084)
	at org.jetbrains.kotlin.com.intellij.util.io.IntToIntBtree.processLeafPages(IntToIntBtree.java:1084)
	at org.jetbrains.kotlin.com.intellij.util.io.IntToIntBtree.processLeafPages(IntToIntBtree.java:1084)
	at org.jetbrains.kotlin.com.intellij.util.io.IntToIntBtree.processLeafPages(IntToIntBtree.java:1084)
	at org.jetbrains.kotlin.com.intellij.util.io.IntToIntBtree.processLeafPages(IntToIntBtree.java:1084)
	at org.jetbrains.kotlin.com.intellij.util.io.IntToIntBtree.processLeafPages(IntToIntBtree.java:1084)
	at org.jetbrains.kotlin.com.intellij.util.io.IntToIntBtree.processLeafPages(IntToIntBtree.java:1084)
	at org.jetbrains.kotlin.com.intellij.util.io.IntToIntBtree.processLeafPages(IntToIntBtree.java:1084)
	at org.jetbrains.kotlin.com.intellij.util.io.IntToIntBtree.processLeafPages(IntToIntBtree.java:1084)
	at org.jetbrains.kotlin.com.intellij.util.io.IntToIntBtree.processLeafPages(IntToIntBtree.java:1084)
	at org.jetbrains.kotlin.com.intellij.util.io.IntToIntBtree.processLeafPages(IntToIntBtree.java:1084)
	at org.jetbrains.kotlin.com.intellij.util.io.IntToIntBtree.processLeafPages(IntToIntBtree.java:1084)
	at org.jetbrains.kotlin.com.intellij.util.io.IntToIntBtree.processLeafPages(IntToIntBtree.java:1084)
	at org.jetbrains.kotlin.com.intellij.util.io.IntToIntBtree.processLeafPages(IntToIntBtree.java:1084)
	at org.jetbrains.kotlin.com.intellij.util.io.IntToIntBtree.processLeafPages(IntToIntBtree.java:1084)
	at org.jetbrains.kotlin.com.intellij.util.io.IntToIntBtree.processLeafPages(IntToIntBtree.java:1084)
	at org.jetbrains.kotlin.com.intellij.util.io.IntToIntBtree.processLeafPages(IntToIntBtree.java:1084)
	at org.jetbrains.kotlin.com.intellij.util.io.IntToIntBtree.processLeafPages(IntToIntBtree.java:1084)
	at org.jetbrains.kotlin.com.intellij.util.io.IntToIntBtree.processLeafPages(IntToIntBtree.java:1084)
	at org.jetbrains.kotlin.com.intellij.util.io.IntToIntBtree.processLeafPages(IntToIntBtree.java:1084)
	at org.jetbrains.kotlin.com.intellij.util.io.IntToIntBtree.processLeafPages(IntToIntBtree.java:1084)
	at org.jetbrains.kotlin.com.intellij.util.io.IntToIntBtree.processLeafPages(IntToIntBtree.java:1084)
	at org.jetbrains.kotlin.com.intellij.util.io.IntToIntBtree.processLeafPages(IntToIntBtree.java:1084)
	at org.jetbrains.kotlin.com.intellij.util.io.IntToIntBtree.processLeafPages(IntToIntBtree.java:1084)
	at org.jetbrains.kotlin.com.intellij.util.io.IntToIntBtree.processLeafPages(IntToIntBtree.java:1084)
	at org.jetbrains.kotlin.com.intellij.util.io.IntToIntBtree.processLeafPages(IntToIntBtree.java:1084)
	at org.jetbrains.kotlin.com.intellij.util.io.IntToIntBtree.processLeafPages(IntToIntBtree.java:1084)
	at org.jetbrains.kotlin.com.intellij.util.io.IntToIntBtree.processLeafPages(IntToIntBtree.java:1084)
	at org.jetbrains.kotlin.com.intellij.util.io.IntToIntBtree.processLeafPages(IntToIntBtree.java:1084)
	at org.jetbrains.kotlin.com.intellij.util.io.IntToIntBtree.processLeafPages(IntToIntBtree.java:1084)
	at org.jetbrains.kotlin.com.intellij.util.io.IntToIntBtree.processLeafPages(IntToIntBtree.java:1084)
	at org.jetbrains.kotlin.com.intellij.util.io.IntToIntBtree.processLeafPages(IntToIntBtree.java:1084)
	at org.jetbrains.kotlin.com.intellij.util.io.IntToIntBtree.processLeafPages(IntToIntBtree.java:1084)
	at org.jetbrains.kotlin.com.intellij.util.io.IntToIntBtree.processLeafPages(IntToIntBtree.java:1084)
	at org.jetbrains.kotlin.com.intellij.util.io.IntToIntBtree.processLeafPages(IntToIntBtree.java:1084)
	at org.jetbrains.kotlin.com.intellij.util.io.IntToIntBtree.processLeafPages(IntToIntBtree.java:1084)
	at org.jetbrains.kotlin.com.intellij.util.io.IntToIntBtree.processLeafPages(IntToIntBtree.java:1084)
	at org.jetbrains.kotlin.com.intellij.util.io.IntToIntBtree.processLeafPages(IntToIntBtree.java:1084)
	at org.jetbrains.kotlin.com.intellij.util.io.IntToIntBtree.processLeafPages(IntToIntBtree.java:1084)
	at org.jetbrains.kotlin.com.intellij.util.io.IntToIntBtree.processLeafPages(IntToIntBtree.java:1084)
	at org.jetbrains.kotlin.com.intellij.util.io.IntToIntBtree.processLeafPages(IntToIntBtree.java:1084)
	at org.jetbrains.kotlin.com.intellij.util.io.IntToIntBtree.processLeafPages(IntToIntBtree.java:1084)
	at org.jetbrains.kotlin.com.intellij.util.io.IntToIntBtree.processLeafPages(IntToIntBtree.java:1084)
	at org.jetbrains.kotlin.com.intellij.util.io.IntToIntBtree.processLeafPages(IntToIntBtree.java:1084)
	at org.jetbrains.kotlin.com.intellij.util.io.IntToIntBtree.processLeafPages(IntToIntBtree.java:1084)
	at org.jetbrains.kotlin.com.intellij.util.io.IntToIntBtree.processLeafPages(IntToIntBtree.java:1084)
	at org.jetbrains.kotlin.com.intellij.util.io.IntToIntBtree.processLeafPages(IntToIntBtree.java:1084)
	at org.jetbrains.kotlin.com.intellij.util.io.IntToIntBtree.processLeafPages(IntToIntBtree.java:1084)
	at org.jetbrains.kotlin.com.intellij.util.io.IntToIntBtree.processLeafPages(IntToIntBtree.java:1084)
	at org.jetbrains.kotlin.com.intellij.util.io.IntToIntBtree.processLeafPages(IntToIntBtree.java:1084)
	at org.jetbrains.kotlin.com.intellij.util.io.IntToIntBtree.processLeafPages(IntToIntBtree.java:1084)
	at org.jetbrains.kotlin.com.intellij.util.io.IntToIntBtree.processLeafPages(IntToIntBtree.java:1084)
	at org.jetbrains.kotlin.com.intellij.util.io.IntToIntBtree.processLeafPages(IntToIntBtree.java:1084)
	at org.jetbrains.kotlin.com.intellij.util.io.IntToIntBtree.processLeafPages(IntToIntBtree.java:1084)
	at org.jetbrains.kotlin.com.intellij.util.io.IntToIntBtree.processLeafPages(IntToIntBtree.java:1084)
	at org.jetbrains.kotlin.com.intellij.util.io.IntToIntBtree.processLeafPages(IntToIntBtree.java:1084)
	at org.jetbrains.kotlin.com.intellij.util.io.IntToIntBtree.processLeafPages(IntToIntBtree.java:1084)
	at org.jetbrains.kotlin.com.intellij.util.io.IntToIntBtree.processLeafPages(IntToIntBtree.java:1084)
	at org.jetbrains.kotlin.com.intellij.util.io.IntToIntBtree.processLeafPages(IntToIntBtree.java:1084)
	at org.jetbrains.kotlin.com.intellij.util.io.IntToIntBtree.processLeafPages(IntToIntBtree.java:1084)
	at org.jetbrains.kotlin.com.intellij.util.io.IntToIntBtree.processLeafPages(IntToIntBtree.java:1084)
	at org.jetbrains.kotlin.com.intellij.util.io.IntToIntBtree.processLeafPages(IntToIntBtree.java:1084)


